ISO-10303-21;
HEADER;
/* Generated by software containing ST-Developer
 * from STEP Tools, Inc. (www.steptools.com) 
 */
/* OPTION: using custom renumber hook */

FILE_DESCRIPTION(
/* description */ ('STEP AP242 Edition 2',
'CAx-IF Rec.Pracs.---Representation and Presentation of Product Manufa
cturing Information (PMI)---4.0---2014-10-13',
'CAx-IF Rec.Pracs.---3D Tessellated Geometry---0.4---2014-09-14','2;1',
'CAx-IF Rec.Pracs.---User Defined Attributes---1.5---2016-08-15'),
/* implementation_level */ '2;1');

FILE_NAME(
/* name */ 'rally clicker - shell',
/* time_stamp */ '2026-09-30T17:42:33Z',
/* author */ (''),
/* organization */ (''),
/* preprocessor_version */ 'ST-DEVELOPER v20',
/* originating_system */ 'ONSHAPE BY PTC INC, 1.221',
/* authorisation */ '  ');

FILE_SCHEMA (('AP242_MANAGED_MODEL_BASED_3D_ENGINEERING_MIM_LF { 1 0 10303 442 3 1 4 }'));
ENDSEC;

DATA;
#10=SHAPE_REPRESENTATION_RELATIONSHIP('','',#1912,#11);
#11=ADVANCED_BREP_SHAPE_REPRESENTATION('',(#1910),#3161);
#12=VERTEX_LOOP('',#1021);
#13=VERTEX_LOOP('',#1023);
#14=VERTEX_LOOP('',#1025);
#15=VERTEX_LOOP('',#1027);
#16=VERTEX_LOOP('',#1029);
#17=VERTEX_LOOP('',#1031);
#18=VERTEX_LOOP('',#1033);
#19=VERTEX_LOOP('',#1035);
#20=CONICAL_SURFACE('',#2014,0.003,0.785398163397451);
#21=CONICAL_SURFACE('',#2019,0.004,0.785398163397449);
#22=CONICAL_SURFACE('',#2024,0.004,0.78539816339745);
#23=CONICAL_SURFACE('',#2029,0.003,0.785398163397453);
#24=CONICAL_SURFACE('',#2032,0.003,0.78539816339745);
#25=CONICAL_SURFACE('',#2034,0.004,0.78539816339745);
#26=CONICAL_SURFACE('',#2036,0.004,0.785398163397449);
#27=CONICAL_SURFACE('',#2038,0.003,0.785398163397449);
#28=CONICAL_SURFACE('',#2040,0.003,0.785398163397446);
#29=CONICAL_SURFACE('',#2041,0.003,0.785398163397446);
#30=CONICAL_SURFACE('',#2044,0.003,0.78539816339745);
#31=CONICAL_SURFACE('',#2045,0.003,0.78539816339745);
#32=CONICAL_SURFACE('',#2047,0.003,0.785398163397448);
#33=CONICAL_SURFACE('',#2049,0.003,0.785398163397446);
#34=CONICAL_SURFACE('',#2051,0.003,0.785398163397446);
#35=CONICAL_SURFACE('',#2053,0.003,0.785398163397448);
#36=CONICAL_SURFACE('',#2054,0.0043,0.785398163397448);
#37=CONICAL_SURFACE('',#2059,0.0008,1.02974425867665);
#38=CONICAL_SURFACE('',#2062,0.0008,1.02974425867665);
#39=CONICAL_SURFACE('',#2065,0.0008,1.02974425867665);
#40=CONICAL_SURFACE('',#2068,0.0008,1.02974425867665);
#41=CONICAL_SURFACE('',#2071,0.0008,1.02974425867665);
#42=CONICAL_SURFACE('',#2074,0.0008,1.02974425867665);
#43=CONICAL_SURFACE('',#2077,0.000875,1.02974425867665);
#44=CONICAL_SURFACE('',#2080,0.000875,1.02974425867665);
#45=CYLINDRICAL_SURFACE('',#1963,0.0037);
#46=CYLINDRICAL_SURFACE('',#1985,0.0012);
#47=CYLINDRICAL_SURFACE('',#1986,0.0033);
#48=CYLINDRICAL_SURFACE('',#1988,0.002);
#49=CYLINDRICAL_SURFACE('',#1991,0.002);
#50=CYLINDRICAL_SURFACE('',#1994,0.002);
#51=CYLINDRICAL_SURFACE('',#1997,0.002);
#52=CYLINDRICAL_SURFACE('',#2000,0.002);
#53=CYLINDRICAL_SURFACE('',#2003,0.002);
#54=CYLINDRICAL_SURFACE('',#2006,0.005);
#55=CYLINDRICAL_SURFACE('',#2009,0.005);
#56=CYLINDRICAL_SURFACE('',#2061,0.0008);
#57=CYLINDRICAL_SURFACE('',#2064,0.0008);
#58=CYLINDRICAL_SURFACE('',#2067,0.0008);
#59=CYLINDRICAL_SURFACE('',#2070,0.0008);
#60=CYLINDRICAL_SURFACE('',#2073,0.0008);
#61=CYLINDRICAL_SURFACE('',#2076,0.0008);
#62=CYLINDRICAL_SURFACE('',#2079,0.000875);
#63=CYLINDRICAL_SURFACE('',#2082,0.000875);
#64=B_SPLINE_CURVE_WITH_KNOTS('',3,(#2761,#2762,#2763,#2764,#2765),
 .UNSPECIFIED.,.F.,.F.,(4,1,4),(0.,0.00124737484109036,0.00249474968218073),
 .UNSPECIFIED.);
#65=B_SPLINE_CURVE_WITH_KNOTS('',3,(#2769,#2770,#2771,#2772,#2773),
 .UNSPECIFIED.,.F.,.F.,(4,1,4),(0.,0.00123723084396479,0.00247446168792957),
 .UNSPECIFIED.);
#66=B_SPLINE_CURVE_WITH_KNOTS('',3,(#2786,#2787,#2788,#2789,#2790),
 .UNSPECIFIED.,.F.,.F.,(4,1,4),(0.,0.00124737484109035,0.0024947496821807),
 .UNSPECIFIED.);
#67=B_SPLINE_CURVE_WITH_KNOTS('',3,(#2794,#2795,#2796,#2797,#2798),
 .UNSPECIFIED.,.F.,.F.,(4,1,4),(0.,0.0012372308439648,0.0024744616879296),
 .UNSPECIFIED.);
#68=CIRCLE('',#1922,0.0008);
#69=CIRCLE('',#1923,0.0008);
#70=CIRCLE('',#1924,0.0008);
#71=CIRCLE('',#1925,0.0008);
#72=CIRCLE('',#1926,0.0008);
#73=CIRCLE('',#1927,0.0008);
#74=CIRCLE('',#1933,0.0043);
#75=CIRCLE('',#1938,0.003);
#76=CIRCLE('',#1939,0.003);
#77=CIRCLE('',#1940,0.003);
#78=CIRCLE('',#1941,0.003);
#79=CIRCLE('',#1942,0.003);
#80=CIRCLE('',#1943,0.003);
#81=CIRCLE('',#1944,0.004);
#82=CIRCLE('',#1945,0.004);
#83=CIRCLE('',#1946,0.0037);
#84=CIRCLE('',#1948,0.0012);
#85=CIRCLE('',#1949,0.0037);
#86=CIRCLE('',#1956,0.0033);
#87=CIRCLE('',#1961,0.000875);
#88=CIRCLE('',#1962,0.000875);
#89=CIRCLE('',#1975,0.003);
#90=CIRCLE('',#1976,0.003);
#91=CIRCLE('',#1977,0.003);
#92=CIRCLE('',#1978,0.003);
#93=CIRCLE('',#1979,0.003);
#94=CIRCLE('',#1980,0.003);
#95=CIRCLE('',#1981,0.004);
#96=CIRCLE('',#1982,0.004);
#97=CIRCLE('',#1984,0.0012);
#98=CIRCLE('',#1987,0.0033);
#99=CIRCLE('',#1989,0.002);
#100=CIRCLE('',#1990,0.002);
#101=CIRCLE('',#1992,0.002);
#102=CIRCLE('',#1993,0.002);
#103=CIRCLE('',#1995,0.002);
#104=CIRCLE('',#1996,0.002);
#105=CIRCLE('',#1998,0.002);
#106=CIRCLE('',#1999,0.002);
#107=CIRCLE('',#2001,0.002);
#108=CIRCLE('',#2002,0.002);
#109=CIRCLE('',#2004,0.002);
#110=CIRCLE('',#2005,0.002);
#111=CIRCLE('',#2007,0.005);
#112=CIRCLE('',#2008,0.005);
#113=CIRCLE('',#2010,0.005);
#114=CIRCLE('',#2011,0.005);
#115=CIRCLE('',#2060,0.0008);
#116=CIRCLE('',#2063,0.0008);
#117=CIRCLE('',#2066,0.0008);
#118=CIRCLE('',#2069,0.0008);
#119=CIRCLE('',#2072,0.0008);
#120=CIRCLE('',#2075,0.0008);
#121=CIRCLE('',#2078,0.000875);
#122=CIRCLE('',#2081,0.000875);
#123=ORIENTED_EDGE('',*,*,#621,.F.);
#124=ORIENTED_EDGE('',*,*,#622,.T.);
#125=ORIENTED_EDGE('',*,*,#623,.T.);
#126=ORIENTED_EDGE('',*,*,#624,.F.);
#127=ORIENTED_EDGE('',*,*,#625,.F.);
#128=ORIENTED_EDGE('',*,*,#626,.T.);
#129=ORIENTED_EDGE('',*,*,#624,.T.);
#130=ORIENTED_EDGE('',*,*,#627,.F.);
#131=ORIENTED_EDGE('',*,*,#628,.F.);
#132=ORIENTED_EDGE('',*,*,#629,.T.);
#133=ORIENTED_EDGE('',*,*,#625,.T.);
#134=ORIENTED_EDGE('',*,*,#630,.F.);
#135=ORIENTED_EDGE('',*,*,#631,.F.);
#136=ORIENTED_EDGE('',*,*,#628,.T.);
#137=ORIENTED_EDGE('',*,*,#632,.T.);
#138=ORIENTED_EDGE('',*,*,#622,.F.);
#139=ORIENTED_EDGE('',*,*,#633,.F.);
#140=ORIENTED_EDGE('',*,*,#634,.T.);
#141=ORIENTED_EDGE('',*,*,#635,.T.);
#142=ORIENTED_EDGE('',*,*,#636,.F.);
#143=ORIENTED_EDGE('',*,*,#637,.F.);
#144=ORIENTED_EDGE('',*,*,#636,.T.);
#145=ORIENTED_EDGE('',*,*,#638,.T.);
#146=ORIENTED_EDGE('',*,*,#639,.F.);
#147=ORIENTED_EDGE('',*,*,#640,.F.);
#148=ORIENTED_EDGE('',*,*,#639,.T.);
#149=ORIENTED_EDGE('',*,*,#641,.T.);
#150=ORIENTED_EDGE('',*,*,#642,.F.);
#151=ORIENTED_EDGE('',*,*,#643,.T.);
#152=ORIENTED_EDGE('',*,*,#644,.T.);
#153=ORIENTED_EDGE('',*,*,#645,.F.);
#154=ORIENTED_EDGE('',*,*,#646,.T.);
#155=ORIENTED_EDGE('',*,*,#647,.F.);
#156=ORIENTED_EDGE('',*,*,#648,.T.);
#157=ORIENTED_EDGE('',*,*,#649,.T.);
#158=ORIENTED_EDGE('',*,*,#650,.T.);
#159=ORIENTED_EDGE('',*,*,#651,.F.);
#160=ORIENTED_EDGE('',*,*,#652,.F.);
#161=ORIENTED_EDGE('',*,*,#653,.F.);
#162=ORIENTED_EDGE('',*,*,#654,.T.);
#163=ORIENTED_EDGE('',*,*,#655,.T.);
#164=ORIENTED_EDGE('',*,*,#656,.F.);
#165=ORIENTED_EDGE('',*,*,#657,.F.);
#166=ORIENTED_EDGE('',*,*,#658,.F.);
#167=ORIENTED_EDGE('',*,*,#659,.T.);
#168=ORIENTED_EDGE('',*,*,#660,.T.);
#169=ORIENTED_EDGE('',*,*,#661,.T.);
#170=ORIENTED_EDGE('',*,*,#662,.T.);
#171=ORIENTED_EDGE('',*,*,#663,.T.);
#172=ORIENTED_EDGE('',*,*,#664,.T.);
#173=ORIENTED_EDGE('',*,*,#665,.T.);
#174=ORIENTED_EDGE('',*,*,#666,.T.);
#175=ORIENTED_EDGE('',*,*,#667,.F.);
#176=ORIENTED_EDGE('',*,*,#668,.T.);
#177=ORIENTED_EDGE('',*,*,#669,.T.);
#178=ORIENTED_EDGE('',*,*,#670,.T.);
#179=ORIENTED_EDGE('',*,*,#665,.F.);
#180=ORIENTED_EDGE('',*,*,#671,.F.);
#181=ORIENTED_EDGE('',*,*,#672,.T.);
#182=ORIENTED_EDGE('',*,*,#673,.T.);
#183=ORIENTED_EDGE('',*,*,#669,.F.);
#184=ORIENTED_EDGE('',*,*,#674,.F.);
#185=ORIENTED_EDGE('',*,*,#675,.T.);
#186=ORIENTED_EDGE('',*,*,#676,.T.);
#187=ORIENTED_EDGE('',*,*,#643,.F.);
#188=ORIENTED_EDGE('',*,*,#677,.T.);
#189=ORIENTED_EDGE('',*,*,#678,.T.);
#190=ORIENTED_EDGE('',*,*,#679,.F.);
#191=ORIENTED_EDGE('',*,*,#680,.T.);
#192=ORIENTED_EDGE('',*,*,#681,.T.);
#193=ORIENTED_EDGE('',*,*,#682,.F.);
#194=ORIENTED_EDGE('',*,*,#683,.T.);
#195=ORIENTED_EDGE('',*,*,#684,.T.);
#196=ORIENTED_EDGE('',*,*,#649,.F.);
#197=ORIENTED_EDGE('',*,*,#685,.T.);
#198=ORIENTED_EDGE('',*,*,#647,.T.);
#199=ORIENTED_EDGE('',*,*,#686,.T.);
#200=ORIENTED_EDGE('',*,*,#687,.T.);
#201=ORIENTED_EDGE('',*,*,#688,.T.);
#202=ORIENTED_EDGE('',*,*,#689,.T.);
#203=ORIENTED_EDGE('',*,*,#690,.T.);
#204=ORIENTED_EDGE('',*,*,#691,.T.);
#205=ORIENTED_EDGE('',*,*,#692,.T.);
#206=ORIENTED_EDGE('',*,*,#693,.F.);
#207=ORIENTED_EDGE('',*,*,#694,.T.);
#208=ORIENTED_EDGE('',*,*,#695,.T.);
#209=ORIENTED_EDGE('',*,*,#696,.T.);
#210=ORIENTED_EDGE('',*,*,#697,.T.);
#211=ORIENTED_EDGE('',*,*,#645,.T.);
#212=ORIENTED_EDGE('',*,*,#698,.T.);
#213=ORIENTED_EDGE('',*,*,#699,.T.);
#214=ORIENTED_EDGE('',*,*,#700,.T.);
#215=ORIENTED_EDGE('',*,*,#701,.T.);
#216=ORIENTED_EDGE('',*,*,#702,.F.);
#217=ORIENTED_EDGE('',*,*,#703,.T.);
#218=ORIENTED_EDGE('',*,*,#667,.T.);
#219=ORIENTED_EDGE('',*,*,#704,.T.);
#220=ORIENTED_EDGE('',*,*,#672,.F.);
#221=ORIENTED_EDGE('',*,*,#705,.T.);
#222=ORIENTED_EDGE('',*,*,#706,.T.);
#223=ORIENTED_EDGE('',*,*,#707,.T.);
#224=ORIENTED_EDGE('',*,*,#708,.T.);
#225=ORIENTED_EDGE('',*,*,#709,.T.);
#226=ORIENTED_EDGE('',*,*,#710,.T.);
#227=ORIENTED_EDGE('',*,*,#711,.T.);
#228=ORIENTED_EDGE('',*,*,#712,.T.);
#229=ORIENTED_EDGE('',*,*,#713,.T.);
#230=ORIENTED_EDGE('',*,*,#714,.T.);
#231=ORIENTED_EDGE('',*,*,#715,.T.);
#232=ORIENTED_EDGE('',*,*,#716,.T.);
#233=ORIENTED_EDGE('',*,*,#717,.T.);
#234=ORIENTED_EDGE('',*,*,#718,.T.);
#235=ORIENTED_EDGE('',*,*,#719,.T.);
#236=ORIENTED_EDGE('',*,*,#720,.T.);
#237=ORIENTED_EDGE('',*,*,#721,.T.);
#238=ORIENTED_EDGE('',*,*,#722,.T.);
#239=ORIENTED_EDGE('',*,*,#723,.T.);
#240=ORIENTED_EDGE('',*,*,#724,.T.);
#241=ORIENTED_EDGE('',*,*,#725,.T.);
#242=ORIENTED_EDGE('',*,*,#726,.T.);
#243=ORIENTED_EDGE('',*,*,#727,.T.);
#244=ORIENTED_EDGE('',*,*,#728,.T.);
#245=ORIENTED_EDGE('',*,*,#729,.T.);
#246=ORIENTED_EDGE('',*,*,#730,.T.);
#247=ORIENTED_EDGE('',*,*,#731,.T.);
#248=ORIENTED_EDGE('',*,*,#732,.F.);
#249=ORIENTED_EDGE('',*,*,#733,.F.);
#250=ORIENTED_EDGE('',*,*,#734,.T.);
#251=ORIENTED_EDGE('',*,*,#735,.T.);
#252=ORIENTED_EDGE('',*,*,#641,.F.);
#253=ORIENTED_EDGE('',*,*,#638,.F.);
#254=ORIENTED_EDGE('',*,*,#635,.F.);
#255=ORIENTED_EDGE('',*,*,#736,.F.);
#256=ORIENTED_EDGE('',*,*,#737,.T.);
#257=ORIENTED_EDGE('',*,*,#738,.T.);
#258=ORIENTED_EDGE('',*,*,#739,.T.);
#259=ORIENTED_EDGE('',*,*,#740,.T.);
#260=ORIENTED_EDGE('',*,*,#741,.F.);
#261=ORIENTED_EDGE('',*,*,#623,.F.);
#262=ORIENTED_EDGE('',*,*,#632,.F.);
#263=ORIENTED_EDGE('',*,*,#630,.T.);
#264=ORIENTED_EDGE('',*,*,#627,.T.);
#265=ORIENTED_EDGE('',*,*,#705,.F.);
#266=ORIENTED_EDGE('',*,*,#674,.T.);
#267=ORIENTED_EDGE('',*,*,#671,.T.);
#268=ORIENTED_EDGE('',*,*,#668,.F.);
#269=ORIENTED_EDGE('',*,*,#742,.T.);
#270=ORIENTED_EDGE('',*,*,#733,.T.);
#271=ORIENTED_EDGE('',*,*,#743,.F.);
#272=ORIENTED_EDGE('',*,*,#654,.F.);
#273=ORIENTED_EDGE('',*,*,#743,.T.);
#274=ORIENTED_EDGE('',*,*,#741,.T.);
#275=ORIENTED_EDGE('',*,*,#744,.F.);
#276=ORIENTED_EDGE('',*,*,#655,.F.);
#277=ORIENTED_EDGE('',*,*,#656,.T.);
#278=ORIENTED_EDGE('',*,*,#744,.T.);
#279=ORIENTED_EDGE('',*,*,#740,.F.);
#280=ORIENTED_EDGE('',*,*,#745,.F.);
#281=ORIENTED_EDGE('',*,*,#657,.T.);
#282=ORIENTED_EDGE('',*,*,#745,.T.);
#283=ORIENTED_EDGE('',*,*,#739,.F.);
#284=ORIENTED_EDGE('',*,*,#746,.F.);
#285=ORIENTED_EDGE('',*,*,#658,.T.);
#286=ORIENTED_EDGE('',*,*,#746,.T.);
#287=ORIENTED_EDGE('',*,*,#738,.F.);
#288=ORIENTED_EDGE('',*,*,#747,.F.);
#289=ORIENTED_EDGE('',*,*,#748,.F.);
#290=ORIENTED_EDGE('',*,*,#749,.F.);
#291=ORIENTED_EDGE('',*,*,#750,.T.);
#292=ORIENTED_EDGE('',*,*,#751,.T.);
#293=ORIENTED_EDGE('',*,*,#752,.F.);
#294=ORIENTED_EDGE('',*,*,#651,.T.);
#295=ORIENTED_EDGE('',*,*,#747,.T.);
#296=ORIENTED_EDGE('',*,*,#737,.F.);
#297=ORIENTED_EDGE('',*,*,#753,.F.);
#298=ORIENTED_EDGE('',*,*,#753,.T.);
#299=ORIENTED_EDGE('',*,*,#736,.T.);
#300=ORIENTED_EDGE('',*,*,#634,.F.);
#301=ORIENTED_EDGE('',*,*,#754,.F.);
#302=ORIENTED_EDGE('',*,*,#642,.T.);
#303=ORIENTED_EDGE('',*,*,#735,.F.);
#304=ORIENTED_EDGE('',*,*,#755,.F.);
#305=ORIENTED_EDGE('',*,*,#652,.T.);
#306=ORIENTED_EDGE('',*,*,#653,.T.);
#307=ORIENTED_EDGE('',*,*,#755,.T.);
#308=ORIENTED_EDGE('',*,*,#734,.F.);
#309=ORIENTED_EDGE('',*,*,#742,.F.);
#310=ORIENTED_EDGE('',*,*,#637,.T.);
#311=ORIENTED_EDGE('',*,*,#640,.T.);
#312=ORIENTED_EDGE('',*,*,#754,.T.);
#313=ORIENTED_EDGE('',*,*,#633,.T.);
#314=ORIENTED_EDGE('',*,*,#756,.T.);
#315=ORIENTED_EDGE('',*,*,#757,.T.);
#316=ORIENTED_EDGE('',*,*,#631,.T.);
#317=ORIENTED_EDGE('',*,*,#621,.T.);
#318=ORIENTED_EDGE('',*,*,#626,.F.);
#319=ORIENTED_EDGE('',*,*,#629,.F.);
#320=ORIENTED_EDGE('',*,*,#730,.F.);
#321=ORIENTED_EDGE('',*,*,#732,.T.);
#322=ORIENTED_EDGE('',*,*,#758,.T.);
#323=ORIENTED_EDGE('',*,*,#750,.F.);
#324=ORIENTED_EDGE('',*,*,#759,.F.);
#325=ORIENTED_EDGE('',*,*,#679,.T.);
#326=ORIENTED_EDGE('',*,*,#760,.F.);
#327=ORIENTED_EDGE('',*,*,#681,.F.);
#328=ORIENTED_EDGE('',*,*,#761,.T.);
#329=ORIENTED_EDGE('',*,*,#752,.T.);
#330=ORIENTED_EDGE('',*,*,#680,.F.);
#331=ORIENTED_EDGE('',*,*,#759,.T.);
#332=ORIENTED_EDGE('',*,*,#749,.T.);
#333=ORIENTED_EDGE('',*,*,#761,.F.);
#334=ORIENTED_EDGE('',*,*,#682,.T.);
#335=ORIENTED_EDGE('',*,*,#760,.T.);
#336=ORIENTED_EDGE('',*,*,#751,.F.);
#337=ORIENTED_EDGE('',*,*,#758,.F.);
#338=ORIENTED_EDGE('',*,*,#762,.T.);
#339=ORIENTED_EDGE('',*,*,#763,.T.);
#340=ORIENTED_EDGE('',*,*,#764,.T.);
#341=ORIENTED_EDGE('',*,*,#765,.T.);
#342=ORIENTED_EDGE('',*,*,#766,.T.);
#343=ORIENTED_EDGE('',*,*,#767,.T.);
#344=ORIENTED_EDGE('',*,*,#768,.T.);
#345=ORIENTED_EDGE('',*,*,#769,.T.);
#346=ORIENTED_EDGE('',*,*,#770,.T.);
#347=ORIENTED_EDGE('',*,*,#771,.T.);
#348=ORIENTED_EDGE('',*,*,#772,.T.);
#349=ORIENTED_EDGE('',*,*,#773,.T.);
#350=ORIENTED_EDGE('',*,*,#774,.T.);
#351=ORIENTED_EDGE('',*,*,#775,.T.);
#352=ORIENTED_EDGE('',*,*,#776,.T.);
#353=ORIENTED_EDGE('',*,*,#777,.T.);
#354=ORIENTED_EDGE('',*,*,#778,.T.);
#355=ORIENTED_EDGE('',*,*,#779,.T.);
#356=ORIENTED_EDGE('',*,*,#780,.T.);
#357=ORIENTED_EDGE('',*,*,#781,.T.);
#358=ORIENTED_EDGE('',*,*,#782,.T.);
#359=ORIENTED_EDGE('',*,*,#783,.T.);
#360=ORIENTED_EDGE('',*,*,#784,.T.);
#361=ORIENTED_EDGE('',*,*,#785,.T.);
#362=ORIENTED_EDGE('',*,*,#786,.T.);
#363=ORIENTED_EDGE('',*,*,#787,.T.);
#364=ORIENTED_EDGE('',*,*,#693,.T.);
#365=ORIENTED_EDGE('',*,*,#788,.T.);
#366=ORIENTED_EDGE('',*,*,#789,.T.);
#367=ORIENTED_EDGE('',*,*,#790,.T.);
#368=ORIENTED_EDGE('',*,*,#791,.T.);
#369=ORIENTED_EDGE('',*,*,#792,.T.);
#370=ORIENTED_EDGE('',*,*,#793,.T.);
#371=ORIENTED_EDGE('',*,*,#794,.T.);
#372=ORIENTED_EDGE('',*,*,#702,.T.);
#373=ORIENTED_EDGE('',*,*,#795,.T.);
#374=ORIENTED_EDGE('',*,*,#796,.T.);
#375=ORIENTED_EDGE('',*,*,#797,.T.);
#376=ORIENTED_EDGE('',*,*,#798,.T.);
#377=ORIENTED_EDGE('',*,*,#799,.T.);
#378=ORIENTED_EDGE('',*,*,#800,.F.);
#379=ORIENTED_EDGE('',*,*,#800,.T.);
#380=ORIENTED_EDGE('',*,*,#731,.F.);
#381=ORIENTED_EDGE('',*,*,#801,.T.);
#382=ORIENTED_EDGE('',*,*,#748,.T.);
#383=ORIENTED_EDGE('',*,*,#700,.F.);
#384=ORIENTED_EDGE('',*,*,#802,.T.);
#385=ORIENTED_EDGE('',*,*,#782,.F.);
#386=ORIENTED_EDGE('',*,*,#803,.T.);
#387=ORIENTED_EDGE('',*,*,#776,.F.);
#388=ORIENTED_EDGE('',*,*,#804,.T.);
#389=ORIENTED_EDGE('',*,*,#695,.F.);
#390=ORIENTED_EDGE('',*,*,#805,.T.);
#391=ORIENTED_EDGE('',*,*,#691,.F.);
#392=ORIENTED_EDGE('',*,*,#806,.T.);
#393=ORIENTED_EDGE('',*,*,#770,.F.);
#394=ORIENTED_EDGE('',*,*,#807,.T.);
#395=ORIENTED_EDGE('',*,*,#764,.F.);
#396=ORIENTED_EDGE('',*,*,#808,.T.);
#397=ORIENTED_EDGE('',*,*,#689,.F.);
#398=ORIENTED_EDGE('',*,*,#809,.T.);
#399=ORIENTED_EDGE('',*,*,#768,.F.);
#400=ORIENTED_EDGE('',*,*,#810,.T.);
#401=ORIENTED_EDGE('',*,*,#762,.F.);
#402=ORIENTED_EDGE('',*,*,#811,.T.);
#403=ORIENTED_EDGE('',*,*,#772,.F.);
#404=ORIENTED_EDGE('',*,*,#812,.T.);
#405=ORIENTED_EDGE('',*,*,#766,.F.);
#406=ORIENTED_EDGE('',*,*,#813,.T.);
#407=ORIENTED_EDGE('',*,*,#784,.F.);
#408=ORIENTED_EDGE('',*,*,#814,.T.);
#409=ORIENTED_EDGE('',*,*,#778,.F.);
#410=ORIENTED_EDGE('',*,*,#815,.T.);
#411=ORIENTED_EDGE('',*,*,#780,.F.);
#412=ORIENTED_EDGE('',*,*,#816,.T.);
#413=ORIENTED_EDGE('',*,*,#774,.F.);
#414=ORIENTED_EDGE('',*,*,#817,.T.);
#415=ORIENTED_EDGE('',*,*,#818,.F.);
#416=ORIENTED_EDGE('',*,*,#696,.F.);
#417=ORIENTED_EDGE('',*,*,#819,.F.);
#418=ORIENTED_EDGE('',*,*,#719,.F.);
#419=ORIENTED_EDGE('',*,*,#646,.F.);
#420=ORIENTED_EDGE('',*,*,#697,.F.);
#421=ORIENTED_EDGE('',*,*,#820,.F.);
#422=ORIENTED_EDGE('',*,*,#686,.F.);
#423=ORIENTED_EDGE('',*,*,#819,.T.);
#424=ORIENTED_EDGE('',*,*,#804,.F.);
#425=ORIENTED_EDGE('',*,*,#821,.F.);
#426=ORIENTED_EDGE('',*,*,#720,.F.);
#427=ORIENTED_EDGE('',*,*,#820,.T.);
#428=ORIENTED_EDGE('',*,*,#818,.T.);
#429=ORIENTED_EDGE('',*,*,#822,.F.);
#430=ORIENTED_EDGE('',*,*,#821,.T.);
#431=ORIENTED_EDGE('',*,*,#775,.F.);
#432=ORIENTED_EDGE('',*,*,#823,.F.);
#433=ORIENTED_EDGE('',*,*,#721,.F.);
#434=ORIENTED_EDGE('',*,*,#822,.T.);
#435=ORIENTED_EDGE('',*,*,#718,.F.);
#436=ORIENTED_EDGE('',*,*,#824,.F.);
#437=ORIENTED_EDGE('',*,*,#687,.F.);
#438=ORIENTED_EDGE('',*,*,#648,.F.);
#439=ORIENTED_EDGE('',*,*,#688,.F.);
#440=ORIENTED_EDGE('',*,*,#825,.F.);
#441=ORIENTED_EDGE('',*,*,#685,.F.);
#442=ORIENTED_EDGE('',*,*,#823,.T.);
#443=ORIENTED_EDGE('',*,*,#816,.F.);
#444=ORIENTED_EDGE('',*,*,#826,.F.);
#445=ORIENTED_EDGE('',*,*,#722,.F.);
#446=ORIENTED_EDGE('',*,*,#825,.T.);
#447=ORIENTED_EDGE('',*,*,#824,.T.);
#448=ORIENTED_EDGE('',*,*,#827,.F.);
#449=ORIENTED_EDGE('',*,*,#826,.T.);
#450=ORIENTED_EDGE('',*,*,#779,.F.);
#451=ORIENTED_EDGE('',*,*,#828,.F.);
#452=ORIENTED_EDGE('',*,*,#723,.F.);
#453=ORIENTED_EDGE('',*,*,#827,.T.);
#454=ORIENTED_EDGE('',*,*,#717,.F.);
#455=ORIENTED_EDGE('',*,*,#829,.F.);
#456=ORIENTED_EDGE('',*,*,#683,.F.);
#457=ORIENTED_EDGE('',*,*,#650,.F.);
#458=ORIENTED_EDGE('',*,*,#684,.F.);
#459=ORIENTED_EDGE('',*,*,#830,.F.);
#460=ORIENTED_EDGE('',*,*,#677,.F.);
#461=ORIENTED_EDGE('',*,*,#828,.T.);
#462=ORIENTED_EDGE('',*,*,#814,.F.);
#463=ORIENTED_EDGE('',*,*,#831,.F.);
#464=ORIENTED_EDGE('',*,*,#724,.F.);
#465=ORIENTED_EDGE('',*,*,#830,.T.);
#466=ORIENTED_EDGE('',*,*,#829,.T.);
#467=ORIENTED_EDGE('',*,*,#832,.F.);
#468=ORIENTED_EDGE('',*,*,#831,.T.);
#469=ORIENTED_EDGE('',*,*,#783,.F.);
#470=ORIENTED_EDGE('',*,*,#833,.F.);
#471=ORIENTED_EDGE('',*,*,#725,.F.);
#472=ORIENTED_EDGE('',*,*,#832,.T.);
#473=ORIENTED_EDGE('',*,*,#716,.F.);
#474=ORIENTED_EDGE('',*,*,#834,.F.);
#475=ORIENTED_EDGE('',*,*,#675,.F.);
#476=ORIENTED_EDGE('',*,*,#644,.F.);
#477=ORIENTED_EDGE('',*,*,#676,.F.);
#478=ORIENTED_EDGE('',*,*,#835,.F.);
#479=ORIENTED_EDGE('',*,*,#698,.F.);
#480=ORIENTED_EDGE('',*,*,#833,.T.);
#481=ORIENTED_EDGE('',*,*,#802,.F.);
#482=ORIENTED_EDGE('',*,*,#836,.F.);
#483=ORIENTED_EDGE('',*,*,#714,.F.);
#484=ORIENTED_EDGE('',*,*,#835,.T.);
#485=ORIENTED_EDGE('',*,*,#834,.T.);
#486=ORIENTED_EDGE('',*,*,#837,.F.);
#487=ORIENTED_EDGE('',*,*,#836,.T.);
#488=ORIENTED_EDGE('',*,*,#699,.F.);
#489=ORIENTED_EDGE('',*,*,#837,.T.);
#490=ORIENTED_EDGE('',*,*,#715,.F.);
#491=ORIENTED_EDGE('',*,*,#701,.F.);
#492=ORIENTED_EDGE('',*,*,#803,.F.);
#493=ORIENTED_EDGE('',*,*,#838,.F.);
#494=ORIENTED_EDGE('',*,*,#795,.F.);
#495=ORIENTED_EDGE('',*,*,#838,.T.);
#496=ORIENTED_EDGE('',*,*,#785,.F.);
#497=ORIENTED_EDGE('',*,*,#839,.F.);
#498=ORIENTED_EDGE('',*,*,#796,.F.);
#499=ORIENTED_EDGE('',*,*,#839,.T.);
#500=ORIENTED_EDGE('',*,*,#815,.F.);
#501=ORIENTED_EDGE('',*,*,#840,.F.);
#502=ORIENTED_EDGE('',*,*,#797,.F.);
#503=ORIENTED_EDGE('',*,*,#840,.T.);
#504=ORIENTED_EDGE('',*,*,#781,.F.);
#505=ORIENTED_EDGE('',*,*,#841,.F.);
#506=ORIENTED_EDGE('',*,*,#798,.F.);
#507=ORIENTED_EDGE('',*,*,#841,.T.);
#508=ORIENTED_EDGE('',*,*,#817,.F.);
#509=ORIENTED_EDGE('',*,*,#842,.F.);
#510=ORIENTED_EDGE('',*,*,#799,.F.);
#511=ORIENTED_EDGE('',*,*,#842,.T.);
#512=ORIENTED_EDGE('',*,*,#777,.F.);
#513=ORIENTED_EDGE('',*,*,#843,.F.);
#514=ORIENTED_EDGE('',*,*,#786,.F.);
#515=ORIENTED_EDGE('',*,*,#843,.T.);
#516=ORIENTED_EDGE('',*,*,#805,.F.);
#517=ORIENTED_EDGE('',*,*,#694,.F.);
#518=ORIENTED_EDGE('',*,*,#787,.F.);
#519=ORIENTED_EDGE('',*,*,#844,.F.);
#520=ORIENTED_EDGE('',*,*,#767,.F.);
#521=ORIENTED_EDGE('',*,*,#845,.F.);
#522=ORIENTED_EDGE('',*,*,#711,.F.);
#523=ORIENTED_EDGE('',*,*,#845,.T.);
#524=ORIENTED_EDGE('',*,*,#812,.F.);
#525=ORIENTED_EDGE('',*,*,#846,.F.);
#526=ORIENTED_EDGE('',*,*,#712,.F.);
#527=ORIENTED_EDGE('',*,*,#844,.T.);
#528=ORIENTED_EDGE('',*,*,#710,.F.);
#529=ORIENTED_EDGE('',*,*,#847,.F.);
#530=ORIENTED_EDGE('',*,*,#810,.F.);
#531=ORIENTED_EDGE('',*,*,#846,.T.);
#532=ORIENTED_EDGE('',*,*,#771,.F.);
#533=ORIENTED_EDGE('',*,*,#848,.F.);
#534=ORIENTED_EDGE('',*,*,#713,.F.);
#535=ORIENTED_EDGE('',*,*,#847,.T.);
#536=ORIENTED_EDGE('',*,*,#709,.F.);
#537=ORIENTED_EDGE('',*,*,#849,.F.);
#538=ORIENTED_EDGE('',*,*,#763,.F.);
#539=ORIENTED_EDGE('',*,*,#848,.T.);
#540=ORIENTED_EDGE('',*,*,#806,.F.);
#541=ORIENTED_EDGE('',*,*,#850,.F.);
#542=ORIENTED_EDGE('',*,*,#706,.F.);
#543=ORIENTED_EDGE('',*,*,#849,.T.);
#544=ORIENTED_EDGE('',*,*,#708,.F.);
#545=ORIENTED_EDGE('',*,*,#851,.F.);
#546=ORIENTED_EDGE('',*,*,#808,.F.);
#547=ORIENTED_EDGE('',*,*,#850,.T.);
#548=ORIENTED_EDGE('',*,*,#690,.F.);
#549=ORIENTED_EDGE('',*,*,#851,.T.);
#550=ORIENTED_EDGE('',*,*,#707,.F.);
#551=ORIENTED_EDGE('',*,*,#692,.F.);
#552=ORIENTED_EDGE('',*,*,#807,.F.);
#553=ORIENTED_EDGE('',*,*,#852,.F.);
#554=ORIENTED_EDGE('',*,*,#788,.F.);
#555=ORIENTED_EDGE('',*,*,#852,.T.);
#556=ORIENTED_EDGE('',*,*,#773,.F.);
#557=ORIENTED_EDGE('',*,*,#853,.F.);
#558=ORIENTED_EDGE('',*,*,#789,.F.);
#559=ORIENTED_EDGE('',*,*,#853,.T.);
#560=ORIENTED_EDGE('',*,*,#813,.F.);
#561=ORIENTED_EDGE('',*,*,#854,.F.);
#562=ORIENTED_EDGE('',*,*,#790,.F.);
#563=ORIENTED_EDGE('',*,*,#854,.T.);
#564=ORIENTED_EDGE('',*,*,#769,.F.);
#565=ORIENTED_EDGE('',*,*,#855,.F.);
#566=ORIENTED_EDGE('',*,*,#791,.F.);
#567=ORIENTED_EDGE('',*,*,#855,.T.);
#568=ORIENTED_EDGE('',*,*,#811,.F.);
#569=ORIENTED_EDGE('',*,*,#856,.F.);
#570=ORIENTED_EDGE('',*,*,#792,.F.);
#571=ORIENTED_EDGE('',*,*,#856,.T.);
#572=ORIENTED_EDGE('',*,*,#765,.F.);
#573=ORIENTED_EDGE('',*,*,#857,.F.);
#574=ORIENTED_EDGE('',*,*,#793,.F.);
#575=ORIENTED_EDGE('',*,*,#857,.T.);
#576=ORIENTED_EDGE('',*,*,#809,.F.);
#577=ORIENTED_EDGE('',*,*,#703,.F.);
#578=ORIENTED_EDGE('',*,*,#794,.F.);
#579=ORIENTED_EDGE('',*,*,#801,.F.);
#580=ORIENTED_EDGE('',*,*,#678,.F.);
#581=ORIENTED_EDGE('',*,*,#858,.F.);
#582=ORIENTED_EDGE('',*,*,#666,.F.);
#583=ORIENTED_EDGE('',*,*,#859,.F.);
#584=ORIENTED_EDGE('',*,*,#729,.F.);
#585=ORIENTED_EDGE('',*,*,#859,.T.);
#586=ORIENTED_EDGE('',*,*,#670,.F.);
#587=ORIENTED_EDGE('',*,*,#860,.F.);
#588=ORIENTED_EDGE('',*,*,#726,.F.);
#589=ORIENTED_EDGE('',*,*,#858,.T.);
#590=ORIENTED_EDGE('',*,*,#728,.F.);
#591=ORIENTED_EDGE('',*,*,#861,.F.);
#592=ORIENTED_EDGE('',*,*,#704,.F.);
#593=ORIENTED_EDGE('',*,*,#860,.T.);
#594=ORIENTED_EDGE('',*,*,#673,.F.);
#595=ORIENTED_EDGE('',*,*,#861,.T.);
#596=ORIENTED_EDGE('',*,*,#727,.F.);
#597=ORIENTED_EDGE('',*,*,#862,.F.);
#598=ORIENTED_EDGE('',*,*,#862,.T.);
#599=ORIENTED_EDGE('',*,*,#659,.F.);
#600=ORIENTED_EDGE('',*,*,#863,.F.);
#601=ORIENTED_EDGE('',*,*,#863,.T.);
#602=ORIENTED_EDGE('',*,*,#660,.F.);
#603=ORIENTED_EDGE('',*,*,#864,.F.);
#604=ORIENTED_EDGE('',*,*,#864,.T.);
#605=ORIENTED_EDGE('',*,*,#661,.F.);
#606=ORIENTED_EDGE('',*,*,#865,.F.);
#607=ORIENTED_EDGE('',*,*,#865,.T.);
#608=ORIENTED_EDGE('',*,*,#662,.F.);
#609=ORIENTED_EDGE('',*,*,#866,.F.);
#610=ORIENTED_EDGE('',*,*,#866,.T.);
#611=ORIENTED_EDGE('',*,*,#663,.F.);
#612=ORIENTED_EDGE('',*,*,#867,.F.);
#613=ORIENTED_EDGE('',*,*,#867,.T.);
#614=ORIENTED_EDGE('',*,*,#664,.F.);
#615=ORIENTED_EDGE('',*,*,#868,.F.);
#616=ORIENTED_EDGE('',*,*,#868,.T.);
#617=ORIENTED_EDGE('',*,*,#757,.F.);
#618=ORIENTED_EDGE('',*,*,#869,.F.);
#619=ORIENTED_EDGE('',*,*,#869,.T.);
#620=ORIENTED_EDGE('',*,*,#756,.F.);
#621=EDGE_CURVE('',#870,#871,#1037,.T.);
#622=EDGE_CURVE('',#870,#872,#1038,.T.);
#623=EDGE_CURVE('',#872,#873,#1039,.T.);
#624=EDGE_CURVE('',#871,#873,#1040,.T.);
#625=EDGE_CURVE('',#874,#875,#1041,.T.);
#626=EDGE_CURVE('',#874,#871,#1042,.T.);
#627=EDGE_CURVE('',#875,#873,#1043,.T.);
#628=EDGE_CURVE('',#876,#877,#1044,.T.);
#629=EDGE_CURVE('',#876,#874,#1045,.T.);
#630=EDGE_CURVE('',#877,#875,#1046,.T.);
#631=EDGE_CURVE('',#876,#870,#1047,.T.);
#632=EDGE_CURVE('',#877,#872,#1048,.T.);
#633=EDGE_CURVE('',#878,#879,#1049,.T.);
#634=EDGE_CURVE('',#878,#880,#1050,.T.);
#635=EDGE_CURVE('',#880,#881,#1051,.T.);
#636=EDGE_CURVE('',#879,#881,#1052,.T.);
#637=EDGE_CURVE('',#879,#882,#1053,.T.);
#638=EDGE_CURVE('',#881,#883,#1054,.T.);
#639=EDGE_CURVE('',#882,#883,#1055,.T.);
#640=EDGE_CURVE('',#882,#884,#1056,.T.);
#641=EDGE_CURVE('',#883,#885,#1057,.T.);
#642=EDGE_CURVE('',#884,#885,#1058,.T.);
#643=EDGE_CURVE('',#886,#887,#1059,.T.);
#644=EDGE_CURVE('',#887,#888,#1060,.T.);
#645=EDGE_CURVE('',#889,#888,#1061,.T.);
#646=EDGE_CURVE('',#889,#890,#1062,.F.);
#647=EDGE_CURVE('',#891,#890,#1063,.T.);
#648=EDGE_CURVE('',#891,#892,#1064,.T.);
#649=EDGE_CURVE('',#892,#893,#1065,.T.);
#650=EDGE_CURVE('',#893,#886,#1066,.F.);
#651=EDGE_CURVE('',#894,#895,#1067,.T.);
#652=EDGE_CURVE('',#896,#894,#1068,.T.);
#653=EDGE_CURVE('',#897,#896,#1069,.T.);
#654=EDGE_CURVE('',#897,#898,#1070,.T.);
#655=EDGE_CURVE('',#898,#899,#1071,.T.);
#656=EDGE_CURVE('',#900,#899,#1072,.T.);
#657=EDGE_CURVE('',#901,#900,#1073,.T.);
#658=EDGE_CURVE('',#895,#901,#1074,.T.);
#659=EDGE_CURVE('',#902,#902,#68,.T.);
#660=EDGE_CURVE('',#903,#903,#69,.T.);
#661=EDGE_CURVE('',#904,#904,#70,.T.);
#662=EDGE_CURVE('',#905,#905,#71,.T.);
#663=EDGE_CURVE('',#906,#906,#72,.T.);
#664=EDGE_CURVE('',#907,#907,#73,.T.);
#665=EDGE_CURVE('',#908,#909,#1075,.T.);
#666=EDGE_CURVE('',#909,#910,#1076,.T.);
#667=EDGE_CURVE('',#911,#910,#1077,.T.);
#668=EDGE_CURVE('',#911,#908,#1078,.T.);
#669=EDGE_CURVE('',#912,#913,#1079,.T.);
#670=EDGE_CURVE('',#913,#909,#1080,.T.);
#671=EDGE_CURVE('',#912,#908,#1081,.T.);
#672=EDGE_CURVE('',#914,#915,#1082,.T.);
#673=EDGE_CURVE('',#915,#913,#1083,.T.);
#674=EDGE_CURVE('',#914,#912,#1084,.T.);
#675=EDGE_CURVE('',#916,#917,#1085,.T.);
#676=EDGE_CURVE('',#917,#887,#1086,.T.);
#677=EDGE_CURVE('',#886,#916,#1087,.T.);
#678=EDGE_CURVE('',#918,#918,#74,.T.);
#679=EDGE_CURVE('',#919,#920,#1088,.T.);
#680=EDGE_CURVE('',#919,#921,#1089,.T.);
#681=EDGE_CURVE('',#921,#922,#1090,.T.);
#682=EDGE_CURVE('',#920,#922,#1091,.T.);
#683=EDGE_CURVE('',#923,#924,#1092,.T.);
#684=EDGE_CURVE('',#924,#893,#1093,.T.);
#685=EDGE_CURVE('',#892,#923,#1094,.T.);
#686=EDGE_CURVE('',#890,#925,#1095,.T.);
#687=EDGE_CURVE('',#925,#926,#1096,.T.);
#688=EDGE_CURVE('',#926,#891,#1097,.T.);
#689=EDGE_CURVE('',#927,#928,#1098,.T.);
#690=EDGE_CURVE('',#928,#929,#1099,.T.);
#691=EDGE_CURVE('',#929,#930,#1100,.F.);
#692=EDGE_CURVE('',#930,#931,#64,.T.);
#693=EDGE_CURVE('',#932,#931,#1101,.T.);
#694=EDGE_CURVE('',#932,#933,#65,.T.);
#695=EDGE_CURVE('',#933,#934,#1102,.T.);
#696=EDGE_CURVE('',#934,#935,#1103,.T.);
#697=EDGE_CURVE('',#935,#889,#1104,.T.);
#698=EDGE_CURVE('',#888,#936,#1105,.T.);
#699=EDGE_CURVE('',#936,#937,#1106,.T.);
#700=EDGE_CURVE('',#937,#938,#1107,.F.);
#701=EDGE_CURVE('',#938,#939,#66,.T.);
#702=EDGE_CURVE('',#940,#939,#1108,.T.);
#703=EDGE_CURVE('',#940,#927,#67,.T.);
#704=EDGE_CURVE('',#910,#915,#1109,.T.);
#705=EDGE_CURVE('',#914,#911,#1110,.T.);
#706=EDGE_CURVE('',#941,#942,#75,.F.);
#707=EDGE_CURVE('',#942,#943,#1111,.T.);
#708=EDGE_CURVE('',#943,#944,#76,.F.);
#709=EDGE_CURVE('',#944,#945,#1112,.T.);
#710=EDGE_CURVE('',#945,#946,#77,.F.);
#711=EDGE_CURVE('',#946,#947,#1113,.T.);
#712=EDGE_CURVE('',#947,#948,#78,.F.);
#713=EDGE_CURVE('',#948,#941,#1114,.T.);
#714=EDGE_CURVE('',#949,#950,#79,.F.);
#715=EDGE_CURVE('',#950,#951,#1115,.T.);
#716=EDGE_CURVE('',#951,#952,#1116,.T.);
#717=EDGE_CURVE('',#952,#953,#1117,.T.);
#718=EDGE_CURVE('',#953,#954,#1118,.T.);
#719=EDGE_CURVE('',#954,#955,#1119,.T.);
#720=EDGE_CURVE('',#955,#956,#80,.F.);
#721=EDGE_CURVE('',#956,#957,#1120,.T.);
#722=EDGE_CURVE('',#957,#958,#81,.T.);
#723=EDGE_CURVE('',#958,#959,#1121,.T.);
#724=EDGE_CURVE('',#959,#960,#82,.T.);
#725=EDGE_CURVE('',#960,#949,#1122,.T.);
#726=EDGE_CURVE('',#961,#962,#1123,.T.);
#727=EDGE_CURVE('',#962,#963,#1124,.T.);
#728=EDGE_CURVE('',#963,#964,#1125,.T.);
#729=EDGE_CURVE('',#964,#961,#1126,.T.);
#730=EDGE_CURVE('',#965,#965,#83,.T.);
#731=EDGE_CURVE('',#966,#966,#84,.T.);
#732=EDGE_CURVE('',#967,#967,#85,.F.);
#733=EDGE_CURVE('',#968,#969,#1127,.T.);
#734=EDGE_CURVE('',#968,#970,#1128,.T.);
#735=EDGE_CURVE('',#970,#885,#1129,.T.);
#736=EDGE_CURVE('',#971,#880,#1130,.T.);
#737=EDGE_CURVE('',#971,#972,#1131,.T.);
#738=EDGE_CURVE('',#972,#973,#1132,.T.);
#739=EDGE_CURVE('',#973,#974,#1133,.T.);
#740=EDGE_CURVE('',#974,#975,#1134,.T.);
#741=EDGE_CURVE('',#969,#975,#1135,.T.);
#742=EDGE_CURVE('',#897,#968,#1136,.T.);
#743=EDGE_CURVE('',#898,#969,#1137,.T.);
#744=EDGE_CURVE('',#899,#975,#1138,.T.);
#745=EDGE_CURVE('',#900,#974,#1139,.T.);
#746=EDGE_CURVE('',#901,#973,#1140,.T.);
#747=EDGE_CURVE('',#895,#972,#1141,.T.);
#748=EDGE_CURVE('',#976,#976,#86,.T.);
#749=EDGE_CURVE('',#977,#978,#1142,.T.);
#750=EDGE_CURVE('',#977,#979,#1143,.T.);
#751=EDGE_CURVE('',#979,#980,#1144,.T.);
#752=EDGE_CURVE('',#978,#980,#1145,.T.);
#753=EDGE_CURVE('',#894,#971,#1146,.T.);
#754=EDGE_CURVE('',#884,#878,#1147,.T.);
#755=EDGE_CURVE('',#896,#970,#1148,.T.);
#756=EDGE_CURVE('',#981,#981,#87,.T.);
#757=EDGE_CURVE('',#982,#982,#88,.T.);
#758=EDGE_CURVE('',#920,#979,#1149,.T.);
#759=EDGE_CURVE('',#919,#977,#1150,.T.);
#760=EDGE_CURVE('',#922,#980,#1151,.T.);
#761=EDGE_CURVE('',#921,#978,#1152,.T.);
#762=EDGE_CURVE('',#983,#984,#1153,.T.);
#763=EDGE_CURVE('',#984,#985,#1154,.T.);
#764=EDGE_CURVE('',#985,#986,#1155,.F.);
#765=EDGE_CURVE('',#986,#983,#1156,.T.);
#766=EDGE_CURVE('',#987,#988,#1157,.T.);
#767=EDGE_CURVE('',#988,#989,#1158,.T.);
#768=EDGE_CURVE('',#989,#990,#1159,.F.);
#769=EDGE_CURVE('',#990,#987,#1160,.T.);
#770=EDGE_CURVE('',#991,#992,#1161,.T.);
#771=EDGE_CURVE('',#992,#993,#1162,.T.);
#772=EDGE_CURVE('',#993,#994,#1163,.F.);
#773=EDGE_CURVE('',#994,#991,#1164,.T.);
#774=EDGE_CURVE('',#995,#996,#1165,.T.);
#775=EDGE_CURVE('',#996,#997,#1166,.T.);
#776=EDGE_CURVE('',#997,#998,#1167,.F.);
#777=EDGE_CURVE('',#998,#995,#1168,.T.);
#778=EDGE_CURVE('',#999,#1000,#1169,.T.);
#779=EDGE_CURVE('',#1000,#1001,#1170,.T.);
#780=EDGE_CURVE('',#1001,#1002,#1171,.F.);
#781=EDGE_CURVE('',#1002,#999,#1172,.T.);
#782=EDGE_CURVE('',#1003,#1004,#1173,.T.);
#783=EDGE_CURVE('',#1004,#1005,#1174,.T.);
#784=EDGE_CURVE('',#1005,#1006,#1175,.F.);
#785=EDGE_CURVE('',#1006,#1003,#1176,.T.);
#786=EDGE_CURVE('',#1007,#1008,#1177,.T.);
#787=EDGE_CURVE('',#1008,#932,#89,.T.);
#788=EDGE_CURVE('',#931,#1009,#90,.T.);
#789=EDGE_CURVE('',#1009,#1010,#1178,.T.);
#790=EDGE_CURVE('',#1010,#1011,#91,.T.);
#791=EDGE_CURVE('',#1011,#1012,#1179,.T.);
#792=EDGE_CURVE('',#1012,#1013,#92,.T.);
#793=EDGE_CURVE('',#1013,#1014,#1180,.T.);
#794=EDGE_CURVE('',#1014,#940,#93,.T.);
#795=EDGE_CURVE('',#939,#1015,#94,.T.);
#796=EDGE_CURVE('',#1015,#1016,#1181,.T.);
#797=EDGE_CURVE('',#1016,#1017,#95,.F.);
#798=EDGE_CURVE('',#1017,#1018,#1182,.T.);
#799=EDGE_CURVE('',#1018,#1007,#96,.F.);
#800=EDGE_CURVE('',#1019,#1019,#97,.T.);
#801=EDGE_CURVE('',#1020,#1020,#98,.F.);
#802=EDGE_CURVE('',#937,#1004,#99,.T.);
#803=EDGE_CURVE('',#1003,#938,#100,.F.);
#804=EDGE_CURVE('',#997,#934,#101,.T.);
#805=EDGE_CURVE('',#933,#998,#102,.F.);
#806=EDGE_CURVE('',#929,#992,#103,.T.);
#807=EDGE_CURVE('',#991,#930,#104,.F.);
#808=EDGE_CURVE('',#985,#928,#105,.T.);
#809=EDGE_CURVE('',#927,#986,#106,.F.);
#810=EDGE_CURVE('',#989,#984,#107,.T.);
#811=EDGE_CURVE('',#983,#990,#108,.F.);
#812=EDGE_CURVE('',#993,#988,#109,.T.);
#813=EDGE_CURVE('',#987,#994,#110,.F.);
#814=EDGE_CURVE('',#1005,#1000,#111,.F.);
#815=EDGE_CURVE('',#999,#1006,#112,.T.);
#816=EDGE_CURVE('',#1001,#996,#113,.F.);
#817=EDGE_CURVE('',#995,#1002,#114,.T.);
#818=EDGE_CURVE('',#935,#954,#1183,.F.);
#819=EDGE_CURVE('',#955,#934,#1184,.T.);
#820=EDGE_CURVE('',#925,#935,#1185,.F.);
#821=EDGE_CURVE('',#956,#997,#1186,.T.);
#822=EDGE_CURVE('',#925,#954,#1187,.T.);
#823=EDGE_CURVE('',#957,#996,#1188,.T.);
#824=EDGE_CURVE('',#926,#953,#1189,.F.);
#825=EDGE_CURVE('',#923,#926,#1190,.T.);
#826=EDGE_CURVE('',#958,#1001,#1191,.T.);
#827=EDGE_CURVE('',#923,#953,#1192,.F.);
#828=EDGE_CURVE('',#959,#1000,#1193,.T.);
#829=EDGE_CURVE('',#924,#952,#1194,.T.);
#830=EDGE_CURVE('',#916,#924,#1195,.F.);
#831=EDGE_CURVE('',#960,#1005,#1196,.T.);
#832=EDGE_CURVE('',#916,#952,#1197,.F.);
#833=EDGE_CURVE('',#949,#1004,#1198,.T.);
#834=EDGE_CURVE('',#917,#951,#1199,.T.);
#835=EDGE_CURVE('',#936,#917,#1200,.T.);
#836=EDGE_CURVE('',#950,#937,#1201,.T.);
#837=EDGE_CURVE('',#936,#951,#1202,.T.);
#838=EDGE_CURVE('',#1015,#1003,#1203,.T.);
#839=EDGE_CURVE('',#1016,#1006,#1204,.T.);
#840=EDGE_CURVE('',#1017,#999,#1205,.T.);
#841=EDGE_CURVE('',#1018,#1002,#1206,.T.);
#842=EDGE_CURVE('',#1007,#995,#1207,.T.);
#843=EDGE_CURVE('',#1008,#998,#1208,.T.);
#844=EDGE_CURVE('',#989,#946,#1209,.T.);
#845=EDGE_CURVE('',#947,#988,#1210,.T.);
#846=EDGE_CURVE('',#948,#993,#1211,.T.);
#847=EDGE_CURVE('',#984,#945,#1212,.T.);
#848=EDGE_CURVE('',#941,#992,#1213,.T.);
#849=EDGE_CURVE('',#985,#944,#1214,.T.);
#850=EDGE_CURVE('',#942,#929,#1215,.T.);
#851=EDGE_CURVE('',#928,#943,#1216,.T.);
#852=EDGE_CURVE('',#1009,#991,#1217,.T.);
#853=EDGE_CURVE('',#1010,#994,#1218,.T.);
#854=EDGE_CURVE('',#1011,#987,#1219,.T.);
#855=EDGE_CURVE('',#1012,#990,#1220,.T.);
#856=EDGE_CURVE('',#1013,#983,#1221,.T.);
#857=EDGE_CURVE('',#1014,#986,#1222,.T.);
#858=EDGE_CURVE('',#910,#964,#1223,.T.);
#859=EDGE_CURVE('',#961,#909,#1224,.T.);
#860=EDGE_CURVE('',#962,#913,#1225,.F.);
#861=EDGE_CURVE('',#915,#963,#1226,.T.);
#862=EDGE_CURVE('',#1022,#1022,#115,.T.);
#863=EDGE_CURVE('',#1024,#1024,#116,.T.);
#864=EDGE_CURVE('',#1026,#1026,#117,.T.);
#865=EDGE_CURVE('',#1028,#1028,#118,.T.);
#866=EDGE_CURVE('',#1030,#1030,#119,.T.);
#867=EDGE_CURVE('',#1032,#1032,#120,.T.);
#868=EDGE_CURVE('',#1034,#1034,#121,.T.);
#869=EDGE_CURVE('',#1036,#1036,#122,.T.);
#870=VERTEX_POINT('',#2616);
#871=VERTEX_POINT('',#2617);
#872=VERTEX_POINT('',#2619);
#873=VERTEX_POINT('',#2621);
#874=VERTEX_POINT('',#2625);
#875=VERTEX_POINT('',#2626);
#876=VERTEX_POINT('',#2631);
#877=VERTEX_POINT('',#2632);
#878=VERTEX_POINT('',#2640);
#879=VERTEX_POINT('',#2641);
#880=VERTEX_POINT('',#2643);
#881=VERTEX_POINT('',#2645);
#882=VERTEX_POINT('',#2649);
#883=VERTEX_POINT('',#2651);
#884=VERTEX_POINT('',#2655);
#885=VERTEX_POINT('',#2657);
#886=VERTEX_POINT('',#2661);
#887=VERTEX_POINT('',#2662);
#888=VERTEX_POINT('',#2664);
#889=VERTEX_POINT('',#2666);
#890=VERTEX_POINT('',#2668);
#891=VERTEX_POINT('',#2670);
#892=VERTEX_POINT('',#2672);
#893=VERTEX_POINT('',#2674);
#894=VERTEX_POINT('',#2677);
#895=VERTEX_POINT('',#2678);
#896=VERTEX_POINT('',#2680);
#897=VERTEX_POINT('',#2682);
#898=VERTEX_POINT('',#2684);
#899=VERTEX_POINT('',#2686);
#900=VERTEX_POINT('',#2688);
#901=VERTEX_POINT('',#2690);
#902=VERTEX_POINT('',#2693);
#903=VERTEX_POINT('',#2695);
#904=VERTEX_POINT('',#2697);
#905=VERTEX_POINT('',#2699);
#906=VERTEX_POINT('',#2701);
#907=VERTEX_POINT('',#2703);
#908=VERTEX_POINT('',#2706);
#909=VERTEX_POINT('',#2707);
#910=VERTEX_POINT('',#2709);
#911=VERTEX_POINT('',#2711);
#912=VERTEX_POINT('',#2715);
#913=VERTEX_POINT('',#2716);
#914=VERTEX_POINT('',#2721);
#915=VERTEX_POINT('',#2722);
#916=VERTEX_POINT('',#2727);
#917=VERTEX_POINT('',#2728);
#918=VERTEX_POINT('',#2733);
#919=VERTEX_POINT('',#2735);
#920=VERTEX_POINT('',#2736);
#921=VERTEX_POINT('',#2738);
#922=VERTEX_POINT('',#2740);
#923=VERTEX_POINT('',#2743);
#924=VERTEX_POINT('',#2744);
#925=VERTEX_POINT('',#2749);
#926=VERTEX_POINT('',#2751);
#927=VERTEX_POINT('',#2755);
#928=VERTEX_POINT('',#2756);
#929=VERTEX_POINT('',#2758);
#930=VERTEX_POINT('',#2760);
#931=VERTEX_POINT('',#2766);
#932=VERTEX_POINT('',#2768);
#933=VERTEX_POINT('',#2774);
#934=VERTEX_POINT('',#2776);
#935=VERTEX_POINT('',#2778);
#936=VERTEX_POINT('',#2781);
#937=VERTEX_POINT('',#2783);
#938=VERTEX_POINT('',#2785);
#939=VERTEX_POINT('',#2791);
#940=VERTEX_POINT('',#2793);
#941=VERTEX_POINT('',#2804);
#942=VERTEX_POINT('',#2805);
#943=VERTEX_POINT('',#2807);
#944=VERTEX_POINT('',#2809);
#945=VERTEX_POINT('',#2811);
#946=VERTEX_POINT('',#2813);
#947=VERTEX_POINT('',#2815);
#948=VERTEX_POINT('',#2817);
#949=VERTEX_POINT('',#2820);
#950=VERTEX_POINT('',#2821);
#951=VERTEX_POINT('',#2823);
#952=VERTEX_POINT('',#2825);
#953=VERTEX_POINT('',#2827);
#954=VERTEX_POINT('',#2829);
#955=VERTEX_POINT('',#2831);
#956=VERTEX_POINT('',#2833);
#957=VERTEX_POINT('',#2835);
#958=VERTEX_POINT('',#2837);
#959=VERTEX_POINT('',#2839);
#960=VERTEX_POINT('',#2841);
#961=VERTEX_POINT('',#2844);
#962=VERTEX_POINT('',#2845);
#963=VERTEX_POINT('',#2847);
#964=VERTEX_POINT('',#2849);
#965=VERTEX_POINT('',#2852);
#966=VERTEX_POINT('',#2855);
#967=VERTEX_POINT('',#2857);
#968=VERTEX_POINT('',#2859);
#969=VERTEX_POINT('',#2860);
#970=VERTEX_POINT('',#2862);
#971=VERTEX_POINT('',#2865);
#972=VERTEX_POINT('',#2867);
#973=VERTEX_POINT('',#2869);
#974=VERTEX_POINT('',#2871);
#975=VERTEX_POINT('',#2873);
#976=VERTEX_POINT('',#2888);
#977=VERTEX_POINT('',#2890);
#978=VERTEX_POINT('',#2891);
#979=VERTEX_POINT('',#2893);
#980=VERTEX_POINT('',#2895);
#981=VERTEX_POINT('',#2905);
#982=VERTEX_POINT('',#2907);
#983=VERTEX_POINT('',#2919);
#984=VERTEX_POINT('',#2920);
#985=VERTEX_POINT('',#2922);
#986=VERTEX_POINT('',#2924);
#987=VERTEX_POINT('',#2928);
#988=VERTEX_POINT('',#2929);
#989=VERTEX_POINT('',#2931);
#990=VERTEX_POINT('',#2933);
#991=VERTEX_POINT('',#2937);
#992=VERTEX_POINT('',#2938);
#993=VERTEX_POINT('',#2940);
#994=VERTEX_POINT('',#2942);
#995=VERTEX_POINT('',#2946);
#996=VERTEX_POINT('',#2947);
#997=VERTEX_POINT('',#2949);
#998=VERTEX_POINT('',#2951);
#999=VERTEX_POINT('',#2955);
#1000=VERTEX_POINT('',#2956);
#1001=VERTEX_POINT('',#2958);
#1002=VERTEX_POINT('',#2960);
#1003=VERTEX_POINT('',#2964);
#1004=VERTEX_POINT('',#2965);
#1005=VERTEX_POINT('',#2967);
#1006=VERTEX_POINT('',#2969);
#1007=VERTEX_POINT('',#2973);
#1008=VERTEX_POINT('',#2974);
#1009=VERTEX_POINT('',#2977);
#1010=VERTEX_POINT('',#2979);
#1011=VERTEX_POINT('',#2981);
#1012=VERTEX_POINT('',#2983);
#1013=VERTEX_POINT('',#2985);
#1014=VERTEX_POINT('',#2987);
#1015=VERTEX_POINT('',#2990);
#1016=VERTEX_POINT('',#2992);
#1017=VERTEX_POINT('',#2994);
#1018=VERTEX_POINT('',#2996);
#1019=VERTEX_POINT('',#3000);
#1020=VERTEX_POINT('',#3004);
#1021=VERTEX_POINT('',#3121);
#1022=VERTEX_POINT('',#3123);
#1023=VERTEX_POINT('',#3126);
#1024=VERTEX_POINT('',#3128);
#1025=VERTEX_POINT('',#3131);
#1026=VERTEX_POINT('',#3133);
#1027=VERTEX_POINT('',#3136);
#1028=VERTEX_POINT('',#3138);
#1029=VERTEX_POINT('',#3141);
#1030=VERTEX_POINT('',#3143);
#1031=VERTEX_POINT('',#3146);
#1032=VERTEX_POINT('',#3148);
#1033=VERTEX_POINT('',#3151);
#1034=VERTEX_POINT('',#3153);
#1035=VERTEX_POINT('',#3156);
#1036=VERTEX_POINT('',#3158);
#1037=LINE('',#2615,#1227);
#1038=LINE('',#2618,#1228);
#1039=LINE('',#2620,#1229);
#1040=LINE('',#2622,#1230);
#1041=LINE('',#2624,#1231);
#1042=LINE('',#2627,#1232);
#1043=LINE('',#2628,#1233);
#1044=LINE('',#2630,#1234);
#1045=LINE('',#2633,#1235);
#1046=LINE('',#2634,#1236);
#1047=LINE('',#2636,#1237);
#1048=LINE('',#2637,#1238);
#1049=LINE('',#2639,#1239);
#1050=LINE('',#2642,#1240);
#1051=LINE('',#2644,#1241);
#1052=LINE('',#2646,#1242);
#1053=LINE('',#2648,#1243);
#1054=LINE('',#2650,#1244);
#1055=LINE('',#2652,#1245);
#1056=LINE('',#2654,#1246);
#1057=LINE('',#2656,#1247);
#1058=LINE('',#2658,#1248);
#1059=LINE('',#2660,#1249);
#1060=LINE('',#2663,#1250);
#1061=LINE('',#2665,#1251);
#1062=LINE('',#2667,#1252);
#1063=LINE('',#2669,#1253);
#1064=LINE('',#2671,#1254);
#1065=LINE('',#2673,#1255);
#1066=LINE('',#2675,#1256);
#1067=LINE('',#2676,#1257);
#1068=LINE('',#2679,#1258);
#1069=LINE('',#2681,#1259);
#1070=LINE('',#2683,#1260);
#1071=LINE('',#2685,#1261);
#1072=LINE('',#2687,#1262);
#1073=LINE('',#2689,#1263);
#1074=LINE('',#2691,#1264);
#1075=LINE('',#2705,#1265);
#1076=LINE('',#2708,#1266);
#1077=LINE('',#2710,#1267);
#1078=LINE('',#2712,#1268);
#1079=LINE('',#2714,#1269);
#1080=LINE('',#2717,#1270);
#1081=LINE('',#2718,#1271);
#1082=LINE('',#2720,#1272);
#1083=LINE('',#2723,#1273);
#1084=LINE('',#2724,#1274);
#1085=LINE('',#2726,#1275);
#1086=LINE('',#2729,#1276);
#1087=LINE('',#2730,#1277);
#1088=LINE('',#2734,#1278);
#1089=LINE('',#2737,#1279);
#1090=LINE('',#2739,#1280);
#1091=LINE('',#2741,#1281);
#1092=LINE('',#2742,#1282);
#1093=LINE('',#2745,#1283);
#1094=LINE('',#2746,#1284);
#1095=LINE('',#2748,#1285);
#1096=LINE('',#2750,#1286);
#1097=LINE('',#2752,#1287);
#1098=LINE('',#2754,#1288);
#1099=LINE('',#2757,#1289);
#1100=LINE('',#2759,#1290);
#1101=LINE('',#2767,#1291);
#1102=LINE('',#2775,#1292);
#1103=LINE('',#2777,#1293);
#1104=LINE('',#2779,#1294);
#1105=LINE('',#2780,#1295);
#1106=LINE('',#2782,#1296);
#1107=LINE('',#2784,#1297);
#1108=LINE('',#2792,#1298);
#1109=LINE('',#2800,#1299);
#1110=LINE('',#2801,#1300);
#1111=LINE('',#2806,#1301);
#1112=LINE('',#2810,#1302);
#1113=LINE('',#2814,#1303);
#1114=LINE('',#2818,#1304);
#1115=LINE('',#2822,#1305);
#1116=LINE('',#2824,#1306);
#1117=LINE('',#2826,#1307);
#1118=LINE('',#2828,#1308);
#1119=LINE('',#2830,#1309);
#1120=LINE('',#2834,#1310);
#1121=LINE('',#2838,#1311);
#1122=LINE('',#2842,#1312);
#1123=LINE('',#2843,#1313);
#1124=LINE('',#2846,#1314);
#1125=LINE('',#2848,#1315);
#1126=LINE('',#2850,#1316);
#1127=LINE('',#2858,#1317);
#1128=LINE('',#2861,#1318);
#1129=LINE('',#2863,#1319);
#1130=LINE('',#2864,#1320);
#1131=LINE('',#2866,#1321);
#1132=LINE('',#2868,#1322);
#1133=LINE('',#2870,#1323);
#1134=LINE('',#2872,#1324);
#1135=LINE('',#2874,#1325);
#1136=LINE('',#2876,#1326);
#1137=LINE('',#2877,#1327);
#1138=LINE('',#2879,#1328);
#1139=LINE('',#2881,#1329);
#1140=LINE('',#2883,#1330);
#1141=LINE('',#2885,#1331);
#1142=LINE('',#2889,#1332);
#1143=LINE('',#2892,#1333);
#1144=LINE('',#2894,#1334);
#1145=LINE('',#2896,#1335);
#1146=LINE('',#2897,#1336);
#1147=LINE('',#2899,#1337);
#1148=LINE('',#2900,#1338);
#1149=LINE('',#2910,#1339);
#1150=LINE('',#2911,#1340);
#1151=LINE('',#2913,#1341);
#1152=LINE('',#2914,#1342);
#1153=LINE('',#2918,#1343);
#1154=LINE('',#2921,#1344);
#1155=LINE('',#2923,#1345);
#1156=LINE('',#2925,#1346);
#1157=LINE('',#2927,#1347);
#1158=LINE('',#2930,#1348);
#1159=LINE('',#2932,#1349);
#1160=LINE('',#2934,#1350);
#1161=LINE('',#2936,#1351);
#1162=LINE('',#2939,#1352);
#1163=LINE('',#2941,#1353);
#1164=LINE('',#2943,#1354);
#1165=LINE('',#2945,#1355);
#1166=LINE('',#2948,#1356);
#1167=LINE('',#2950,#1357);
#1168=LINE('',#2952,#1358);
#1169=LINE('',#2954,#1359);
#1170=LINE('',#2957,#1360);
#1171=LINE('',#2959,#1361);
#1172=LINE('',#2961,#1362);
#1173=LINE('',#2963,#1363);
#1174=LINE('',#2966,#1364);
#1175=LINE('',#2968,#1365);
#1176=LINE('',#2970,#1366);
#1177=LINE('',#2972,#1367);
#1178=LINE('',#2978,#1368);
#1179=LINE('',#2982,#1369);
#1180=LINE('',#2986,#1370);
#1181=LINE('',#2991,#1371);
#1182=LINE('',#2995,#1372);
#1183=LINE('',#3030,#1373);
#1184=LINE('',#3031,#1374);
#1185=LINE('',#3033,#1375);
#1186=LINE('',#3035,#1376);
#1187=LINE('',#3037,#1377);
#1188=LINE('',#3039,#1378);
#1189=LINE('',#3041,#1379);
#1190=LINE('',#3043,#1380);
#1191=LINE('',#3045,#1381);
#1192=LINE('',#3047,#1382);
#1193=LINE('',#3049,#1383);
#1194=LINE('',#3051,#1384);
#1195=LINE('',#3053,#1385);
#1196=LINE('',#3055,#1386);
#1197=LINE('',#3057,#1387);
#1198=LINE('',#3059,#1388);
#1199=LINE('',#3061,#1389);
#1200=LINE('',#3063,#1390);
#1201=LINE('',#3065,#1391);
#1202=LINE('',#3067,#1392);
#1203=LINE('',#3070,#1393);
#1204=LINE('',#3072,#1394);
#1205=LINE('',#3074,#1395);
#1206=LINE('',#3076,#1396);
#1207=LINE('',#3078,#1397);
#1208=LINE('',#3080,#1398);
#1209=LINE('',#3083,#1399);
#1210=LINE('',#3084,#1400);
#1211=LINE('',#3086,#1401);
#1212=LINE('',#3088,#1402);
#1213=LINE('',#3090,#1403);
#1214=LINE('',#3092,#1404);
#1215=LINE('',#3094,#1405);
#1216=LINE('',#3096,#1406);
#1217=LINE('',#3099,#1407);
#1218=LINE('',#3101,#1408);
#1219=LINE('',#3103,#1409);
#1220=LINE('',#3105,#1410);
#1221=LINE('',#3107,#1411);
#1222=LINE('',#3109,#1412);
#1223=LINE('',#3113,#1413);
#1224=LINE('',#3114,#1414);
#1225=LINE('',#3116,#1415);
#1226=LINE('',#3118,#1416);
#1227=VECTOR('',#2087,1.);
#1228=VECTOR('',#2088,1.);
#1229=VECTOR('',#2089,1.);
#1230=VECTOR('',#2090,1.);
#1231=VECTOR('',#2093,1.);
#1232=VECTOR('',#2094,1.);
#1233=VECTOR('',#2095,1.);
#1234=VECTOR('',#2098,1.);
#1235=VECTOR('',#2099,1.);
#1236=VECTOR('',#2100,1.);
#1237=VECTOR('',#2103,1.);
#1238=VECTOR('',#2104,1.);
#1239=VECTOR('',#2107,1.);
#1240=VECTOR('',#2108,1.);
#1241=VECTOR('',#2109,1.);
#1242=VECTOR('',#2110,1.);
#1243=VECTOR('',#2113,1.);
#1244=VECTOR('',#2114,1.);
#1245=VECTOR('',#2115,1.);
#1246=VECTOR('',#2118,1.);
#1247=VECTOR('',#2119,1.);
#1248=VECTOR('',#2120,1.);
#1249=VECTOR('',#2123,1.);
#1250=VECTOR('',#2124,1.);
#1251=VECTOR('',#2125,1.);
#1252=VECTOR('',#2126,1.);
#1253=VECTOR('',#2127,1.);
#1254=VECTOR('',#2128,1.);
#1255=VECTOR('',#2129,1.);
#1256=VECTOR('',#2130,1.);
#1257=VECTOR('',#2131,1.);
#1258=VECTOR('',#2132,1.);
#1259=VECTOR('',#2133,1.);
#1260=VECTOR('',#2134,1.);
#1261=VECTOR('',#2135,1.);
#1262=VECTOR('',#2136,1.);
#1263=VECTOR('',#2137,1.);
#1264=VECTOR('',#2138,1.);
#1265=VECTOR('',#2153,1.);
#1266=VECTOR('',#2154,1.);
#1267=VECTOR('',#2155,1.);
#1268=VECTOR('',#2156,1.);
#1269=VECTOR('',#2159,1.);
#1270=VECTOR('',#2160,1.);
#1271=VECTOR('',#2161,1.);
#1272=VECTOR('',#2164,1.);
#1273=VECTOR('',#2165,1.);
#1274=VECTOR('',#2166,1.);
#1275=VECTOR('',#2169,1.);
#1276=VECTOR('',#2170,1.);
#1277=VECTOR('',#2171,1.);
#1278=VECTOR('',#2176,1.);
#1279=VECTOR('',#2177,1.);
#1280=VECTOR('',#2178,1.);
#1281=VECTOR('',#2179,1.);
#1282=VECTOR('',#2180,1.);
#1283=VECTOR('',#2181,1.);
#1284=VECTOR('',#2182,1.);
#1285=VECTOR('',#2185,1.);
#1286=VECTOR('',#2186,1.);
#1287=VECTOR('',#2187,1.);
#1288=VECTOR('',#2190,1.);
#1289=VECTOR('',#2191,1.);
#1290=VECTOR('',#2192,1.);
#1291=VECTOR('',#2193,1.);
#1292=VECTOR('',#2194,1.);
#1293=VECTOR('',#2195,1.);
#1294=VECTOR('',#2196,1.);
#1295=VECTOR('',#2197,1.);
#1296=VECTOR('',#2198,1.);
#1297=VECTOR('',#2199,1.);
#1298=VECTOR('',#2200,1.);
#1299=VECTOR('',#2203,1.);
#1300=VECTOR('',#2204,1.);
#1301=VECTOR('',#2209,1.);
#1302=VECTOR('',#2212,1.);
#1303=VECTOR('',#2215,1.);
#1304=VECTOR('',#2218,1.);
#1305=VECTOR('',#2221,1.);
#1306=VECTOR('',#2222,1.);
#1307=VECTOR('',#2223,1.);
#1308=VECTOR('',#2224,1.);
#1309=VECTOR('',#2225,1.);
#1310=VECTOR('',#2228,1.);
#1311=VECTOR('',#2231,1.);
#1312=VECTOR('',#2234,1.);
#1313=VECTOR('',#2235,1.);
#1314=VECTOR('',#2236,1.);
#1315=VECTOR('',#2237,1.);
#1316=VECTOR('',#2238,1.);
#1317=VECTOR('',#2247,1.);
#1318=VECTOR('',#2248,1.);
#1319=VECTOR('',#2249,1.);
#1320=VECTOR('',#2250,1.);
#1321=VECTOR('',#2251,1.);
#1322=VECTOR('',#2252,1.);
#1323=VECTOR('',#2253,1.);
#1324=VECTOR('',#2254,1.);
#1325=VECTOR('',#2255,1.);
#1326=VECTOR('',#2258,1.);
#1327=VECTOR('',#2259,1.);
#1328=VECTOR('',#2262,1.);
#1329=VECTOR('',#2265,1.);
#1330=VECTOR('',#2268,1.);
#1331=VECTOR('',#2271,1.);
#1332=VECTOR('',#2276,1.);
#1333=VECTOR('',#2277,1.);
#1334=VECTOR('',#2278,1.);
#1335=VECTOR('',#2279,1.);
#1336=VECTOR('',#2280,1.);
#1337=VECTOR('',#2283,1.);
#1338=VECTOR('',#2284,1.);
#1339=VECTOR('',#2299,1.);
#1340=VECTOR('',#2300,1.);
#1341=VECTOR('',#2303,1.);
#1342=VECTOR('',#2304,1.);
#1343=VECTOR('',#2311,1.);
#1344=VECTOR('',#2312,1.);
#1345=VECTOR('',#2313,1.);
#1346=VECTOR('',#2314,1.);
#1347=VECTOR('',#2317,1.);
#1348=VECTOR('',#2318,1.);
#1349=VECTOR('',#2319,1.);
#1350=VECTOR('',#2320,1.);
#1351=VECTOR('',#2323,1.);
#1352=VECTOR('',#2324,1.);
#1353=VECTOR('',#2325,1.);
#1354=VECTOR('',#2326,1.);
#1355=VECTOR('',#2329,1.);
#1356=VECTOR('',#2330,1.);
#1357=VECTOR('',#2331,1.);
#1358=VECTOR('',#2332,1.);
#1359=VECTOR('',#2335,1.);
#1360=VECTOR('',#2336,1.);
#1361=VECTOR('',#2337,1.);
#1362=VECTOR('',#2338,1.);
#1363=VECTOR('',#2341,1.);
#1364=VECTOR('',#2342,1.);
#1365=VECTOR('',#2343,1.);
#1366=VECTOR('',#2344,1.);
#1367=VECTOR('',#2347,1.);
#1368=VECTOR('',#2352,1.);
#1369=VECTOR('',#2355,1.);
#1370=VECTOR('',#2358,1.);
#1371=VECTOR('',#2363,1.);
#1372=VECTOR('',#2366,1.);
#1373=VECTOR('',#2429,1.);
#1374=VECTOR('',#2430,1.);
#1375=VECTOR('',#2433,1.);
#1376=VECTOR('',#2436,1.);
#1377=VECTOR('',#2439,1.);
#1378=VECTOR('',#2442,1.);
#1379=VECTOR('',#2445,1.);
#1380=VECTOR('',#2448,1.);
#1381=VECTOR('',#2451,1.);
#1382=VECTOR('',#2454,1.);
#1383=VECTOR('',#2457,1.);
#1384=VECTOR('',#2460,1.);
#1385=VECTOR('',#2463,1.);
#1386=VECTOR('',#2466,1.);
#1387=VECTOR('',#2469,1.);
#1388=VECTOR('',#2472,1.);
#1389=VECTOR('',#2475,1.);
#1390=VECTOR('',#2478,1.);
#1391=VECTOR('',#2481,1.);
#1392=VECTOR('',#2484,1.);
#1393=VECTOR('',#2489,1.);
#1394=VECTOR('',#2492,1.);
#1395=VECTOR('',#2495,1.);
#1396=VECTOR('',#2498,1.);
#1397=VECTOR('',#2501,1.);
#1398=VECTOR('',#2504,1.);
#1399=VECTOR('',#2509,1.);
#1400=VECTOR('',#2510,1.);
#1401=VECTOR('',#2513,1.);
#1402=VECTOR('',#2516,1.);
#1403=VECTOR('',#2519,1.);
#1404=VECTOR('',#2522,1.);
#1405=VECTOR('',#2525,1.);
#1406=VECTOR('',#2528,1.);
#1407=VECTOR('',#2533,1.);
#1408=VECTOR('',#2536,1.);
#1409=VECTOR('',#2539,1.);
#1410=VECTOR('',#2542,1.);
#1411=VECTOR('',#2545,1.);
#1412=VECTOR('',#2548,1.);
#1413=VECTOR('',#2555,1.);
#1414=VECTOR('',#2556,1.);
#1415=VECTOR('',#2559,1.);
#1416=VECTOR('',#2562,1.);
#1417=EDGE_LOOP('',(#123,#124,#125,#126));
#1418=EDGE_LOOP('',(#127,#128,#129,#130));
#1419=EDGE_LOOP('',(#131,#132,#133,#134));
#1420=EDGE_LOOP('',(#135,#136,#137,#138));
#1421=EDGE_LOOP('',(#139,#140,#141,#142));
#1422=EDGE_LOOP('',(#143,#144,#145,#146));
#1423=EDGE_LOOP('',(#147,#148,#149,#150));
#1424=EDGE_LOOP('',(#151,#152,#153,#154,#155,#156,#157,#158));
#1425=EDGE_LOOP('',(#159,#160,#161,#162,#163,#164,#165,#166));
#1426=EDGE_LOOP('',(#167));
#1427=EDGE_LOOP('',(#168));
#1428=EDGE_LOOP('',(#169));
#1429=EDGE_LOOP('',(#170));
#1430=EDGE_LOOP('',(#171));
#1431=EDGE_LOOP('',(#172));
#1432=EDGE_LOOP('',(#173,#174,#175,#176));
#1433=EDGE_LOOP('',(#177,#178,#179,#180));
#1434=EDGE_LOOP('',(#181,#182,#183,#184));
#1435=EDGE_LOOP('',(#185,#186,#187,#188));
#1436=EDGE_LOOP('',(#189));
#1437=EDGE_LOOP('',(#190,#191,#192,#193));
#1438=EDGE_LOOP('',(#194,#195,#196,#197));
#1439=EDGE_LOOP('',(#198,#199,#200,#201));
#1440=EDGE_LOOP('',(#202,#203,#204,#205,#206,#207,#208,#209,#210,#211,#212,
#213,#214,#215,#216,#217));
#1441=EDGE_LOOP('',(#218,#219,#220,#221));
#1442=EDGE_LOOP('',(#222,#223,#224,#225,#226,#227,#228,#229));
#1443=EDGE_LOOP('',(#230,#231,#232,#233,#234,#235,#236,#237,#238,#239,#240,
#241));
#1444=EDGE_LOOP('',(#242,#243,#244,#245));
#1445=EDGE_LOOP('',(#246));
#1446=EDGE_LOOP('',(#247));
#1447=EDGE_LOOP('',(#248));
#1448=EDGE_LOOP('',(#249,#250,#251,#252,#253,#254,#255,#256,#257,#258,#259,
#260));
#1449=EDGE_LOOP('',(#261,#262,#263,#264));
#1450=EDGE_LOOP('',(#265,#266,#267,#268));
#1451=EDGE_LOOP('',(#269,#270,#271,#272));
#1452=EDGE_LOOP('',(#273,#274,#275,#276));
#1453=EDGE_LOOP('',(#277,#278,#279,#280));
#1454=EDGE_LOOP('',(#281,#282,#283,#284));
#1455=EDGE_LOOP('',(#285,#286,#287,#288));
#1456=EDGE_LOOP('',(#289));
#1457=EDGE_LOOP('',(#290,#291,#292,#293));
#1458=EDGE_LOOP('',(#294,#295,#296,#297));
#1459=EDGE_LOOP('',(#298,#299,#300,#301,#302,#303,#304,#305));
#1460=EDGE_LOOP('',(#306,#307,#308,#309));
#1461=EDGE_LOOP('',(#310,#311,#312,#313));
#1462=EDGE_LOOP('',(#314));
#1463=EDGE_LOOP('',(#315));
#1464=EDGE_LOOP('',(#316,#317,#318,#319));
#1465=EDGE_LOOP('',(#320));
#1466=EDGE_LOOP('',(#321));
#1467=EDGE_LOOP('',(#322,#323,#324,#325));
#1468=EDGE_LOOP('',(#326,#327,#328,#329));
#1469=EDGE_LOOP('',(#330,#331,#332,#333));
#1470=EDGE_LOOP('',(#334,#335,#336,#337));
#1471=EDGE_LOOP('',(#338,#339,#340,#341));
#1472=EDGE_LOOP('',(#342,#343,#344,#345));
#1473=EDGE_LOOP('',(#346,#347,#348,#349));
#1474=EDGE_LOOP('',(#350,#351,#352,#353));
#1475=EDGE_LOOP('',(#354,#355,#356,#357));
#1476=EDGE_LOOP('',(#358,#359,#360,#361));
#1477=EDGE_LOOP('',(#362,#363,#364,#365,#366,#367,#368,#369,#370,#371,#372,
#373,#374,#375,#376,#377));
#1478=EDGE_LOOP('',(#378));
#1479=EDGE_LOOP('',(#379));
#1480=EDGE_LOOP('',(#380));
#1481=EDGE_LOOP('',(#381));
#1482=EDGE_LOOP('',(#382));
#1483=EDGE_LOOP('',(#383,#384,#385,#386));
#1484=EDGE_LOOP('',(#387,#388,#389,#390));
#1485=EDGE_LOOP('',(#391,#392,#393,#394));
#1486=EDGE_LOOP('',(#395,#396,#397,#398));
#1487=EDGE_LOOP('',(#399,#400,#401,#402));
#1488=EDGE_LOOP('',(#403,#404,#405,#406));
#1489=EDGE_LOOP('',(#407,#408,#409,#410));
#1490=EDGE_LOOP('',(#411,#412,#413,#414));
#1491=EDGE_LOOP('',(#415,#416,#417,#418));
#1492=EDGE_LOOP('',(#419,#420,#421,#422));
#1493=EDGE_LOOP('',(#423,#424,#425,#426));
#1494=EDGE_LOOP('',(#427,#428,#429));
#1495=EDGE_LOOP('',(#430,#431,#432,#433));
#1496=EDGE_LOOP('',(#434,#435,#436,#437));
#1497=EDGE_LOOP('',(#438,#439,#440,#441));
#1498=EDGE_LOOP('',(#442,#443,#444,#445));
#1499=EDGE_LOOP('',(#446,#447,#448));
#1500=EDGE_LOOP('',(#449,#450,#451,#452));
#1501=EDGE_LOOP('',(#453,#454,#455,#456));
#1502=EDGE_LOOP('',(#457,#458,#459,#460));
#1503=EDGE_LOOP('',(#461,#462,#463,#464));
#1504=EDGE_LOOP('',(#465,#466,#467));
#1505=EDGE_LOOP('',(#468,#469,#470,#471));
#1506=EDGE_LOOP('',(#472,#473,#474,#475));
#1507=EDGE_LOOP('',(#476,#477,#478,#479));
#1508=EDGE_LOOP('',(#480,#481,#482,#483));
#1509=EDGE_LOOP('',(#484,#485,#486));
#1510=EDGE_LOOP('',(#487,#488,#489,#490));
#1511=EDGE_LOOP('',(#491,#492,#493,#494));
#1512=EDGE_LOOP('',(#495,#496,#497,#498));
#1513=EDGE_LOOP('',(#499,#500,#501,#502));
#1514=EDGE_LOOP('',(#503,#504,#505,#506));
#1515=EDGE_LOOP('',(#507,#508,#509,#510));
#1516=EDGE_LOOP('',(#511,#512,#513,#514));
#1517=EDGE_LOOP('',(#515,#516,#517,#518));
#1518=EDGE_LOOP('',(#519,#520,#521,#522));
#1519=EDGE_LOOP('',(#523,#524,#525,#526));
#1520=EDGE_LOOP('',(#527,#528,#529,#530));
#1521=EDGE_LOOP('',(#531,#532,#533,#534));
#1522=EDGE_LOOP('',(#535,#536,#537,#538));
#1523=EDGE_LOOP('',(#539,#540,#541,#542));
#1524=EDGE_LOOP('',(#543,#544,#545,#546));
#1525=EDGE_LOOP('',(#547,#548,#549,#550));
#1526=EDGE_LOOP('',(#551,#552,#553,#554));
#1527=EDGE_LOOP('',(#555,#556,#557,#558));
#1528=EDGE_LOOP('',(#559,#560,#561,#562));
#1529=EDGE_LOOP('',(#563,#564,#565,#566));
#1530=EDGE_LOOP('',(#567,#568,#569,#570));
#1531=EDGE_LOOP('',(#571,#572,#573,#574));
#1532=EDGE_LOOP('',(#575,#576,#577,#578));
#1533=EDGE_LOOP('',(#579));
#1534=EDGE_LOOP('',(#580));
#1535=EDGE_LOOP('',(#581,#582,#583,#584));
#1536=EDGE_LOOP('',(#585,#586,#587,#588));
#1537=EDGE_LOOP('',(#589,#590,#591,#592));
#1538=EDGE_LOOP('',(#593,#594,#595,#596));
#1539=EDGE_LOOP('',(#597));
#1540=EDGE_LOOP('',(#598));
#1541=EDGE_LOOP('',(#599));
#1542=EDGE_LOOP('',(#600));
#1543=EDGE_LOOP('',(#601));
#1544=EDGE_LOOP('',(#602));
#1545=EDGE_LOOP('',(#603));
#1546=EDGE_LOOP('',(#604));
#1547=EDGE_LOOP('',(#605));
#1548=EDGE_LOOP('',(#606));
#1549=EDGE_LOOP('',(#607));
#1550=EDGE_LOOP('',(#608));
#1551=EDGE_LOOP('',(#609));
#1552=EDGE_LOOP('',(#610));
#1553=EDGE_LOOP('',(#611));
#1554=EDGE_LOOP('',(#612));
#1555=EDGE_LOOP('',(#613));
#1556=EDGE_LOOP('',(#614));
#1557=EDGE_LOOP('',(#615));
#1558=EDGE_LOOP('',(#616));
#1559=EDGE_LOOP('',(#617));
#1560=EDGE_LOOP('',(#618));
#1561=EDGE_LOOP('',(#619));
#1562=EDGE_LOOP('',(#620));
#1563=FACE_BOUND('',#1417,.T.);
#1564=FACE_BOUND('',#1418,.T.);
#1565=FACE_BOUND('',#1419,.T.);
#1566=FACE_BOUND('',#1420,.T.);
#1567=FACE_BOUND('',#1421,.T.);
#1568=FACE_BOUND('',#1422,.T.);
#1569=FACE_BOUND('',#1423,.T.);
#1570=FACE_BOUND('',#1424,.T.);
#1571=FACE_BOUND('',#1425,.T.);
#1572=FACE_BOUND('',#1426,.T.);
#1573=FACE_BOUND('',#1427,.T.);
#1574=FACE_BOUND('',#1428,.T.);
#1575=FACE_BOUND('',#1429,.T.);
#1576=FACE_BOUND('',#1430,.T.);
#1577=FACE_BOUND('',#1431,.T.);
#1578=FACE_BOUND('',#1432,.T.);
#1579=FACE_BOUND('',#1433,.T.);
#1580=FACE_BOUND('',#1434,.T.);
#1581=FACE_BOUND('',#1435,.T.);
#1582=FACE_BOUND('',#1436,.T.);
#1583=FACE_BOUND('',#1437,.T.);
#1584=FACE_BOUND('',#1438,.T.);
#1585=FACE_BOUND('',#1439,.T.);
#1586=FACE_BOUND('',#1440,.T.);
#1587=FACE_BOUND('',#1441,.T.);
#1588=FACE_BOUND('',#1442,.T.);
#1589=FACE_BOUND('',#1443,.T.);
#1590=FACE_BOUND('',#1444,.T.);
#1591=FACE_BOUND('',#1445,.T.);
#1592=FACE_BOUND('',#1446,.T.);
#1593=FACE_BOUND('',#1447,.T.);
#1594=FACE_BOUND('',#1448,.T.);
#1595=FACE_BOUND('',#1449,.T.);
#1596=FACE_BOUND('',#1450,.T.);
#1597=FACE_BOUND('',#1451,.T.);
#1598=FACE_BOUND('',#1452,.T.);
#1599=FACE_BOUND('',#1453,.T.);
#1600=FACE_BOUND('',#1454,.T.);
#1601=FACE_BOUND('',#1455,.T.);
#1602=FACE_BOUND('',#1456,.T.);
#1603=FACE_BOUND('',#1457,.T.);
#1604=FACE_BOUND('',#1458,.T.);
#1605=FACE_BOUND('',#1459,.T.);
#1606=FACE_BOUND('',#1460,.T.);
#1607=FACE_BOUND('',#1461,.T.);
#1608=FACE_BOUND('',#1462,.T.);
#1609=FACE_BOUND('',#1463,.T.);
#1610=FACE_BOUND('',#1464,.T.);
#1611=FACE_BOUND('',#1465,.T.);
#1612=FACE_BOUND('',#1466,.T.);
#1613=FACE_BOUND('',#1467,.T.);
#1614=FACE_BOUND('',#1468,.T.);
#1615=FACE_BOUND('',#1469,.T.);
#1616=FACE_BOUND('',#1470,.T.);
#1617=FACE_BOUND('',#1471,.T.);
#1618=FACE_BOUND('',#1472,.T.);
#1619=FACE_BOUND('',#1473,.T.);
#1620=FACE_BOUND('',#1474,.T.);
#1621=FACE_BOUND('',#1475,.T.);
#1622=FACE_BOUND('',#1476,.T.);
#1623=FACE_BOUND('',#1477,.T.);
#1624=FACE_BOUND('',#1478,.T.);
#1625=FACE_BOUND('',#1479,.T.);
#1626=FACE_BOUND('',#1480,.T.);
#1627=FACE_BOUND('',#1481,.T.);
#1628=FACE_BOUND('',#1482,.T.);
#1629=FACE_BOUND('',#1483,.T.);
#1630=FACE_BOUND('',#1484,.T.);
#1631=FACE_BOUND('',#1485,.T.);
#1632=FACE_BOUND('',#1486,.T.);
#1633=FACE_BOUND('',#1487,.T.);
#1634=FACE_BOUND('',#1488,.T.);
#1635=FACE_BOUND('',#1489,.T.);
#1636=FACE_BOUND('',#1490,.T.);
#1637=FACE_BOUND('',#1491,.T.);
#1638=FACE_BOUND('',#1492,.T.);
#1639=FACE_BOUND('',#1493,.T.);
#1640=FACE_BOUND('',#1494,.T.);
#1641=FACE_BOUND('',#1495,.T.);
#1642=FACE_BOUND('',#1496,.T.);
#1643=FACE_BOUND('',#1497,.T.);
#1644=FACE_BOUND('',#1498,.T.);
#1645=FACE_BOUND('',#1499,.T.);
#1646=FACE_BOUND('',#1500,.T.);
#1647=FACE_BOUND('',#1501,.T.);
#1648=FACE_BOUND('',#1502,.T.);
#1649=FACE_BOUND('',#1503,.T.);
#1650=FACE_BOUND('',#1504,.T.);
#1651=FACE_BOUND('',#1505,.T.);
#1652=FACE_BOUND('',#1506,.T.);
#1653=FACE_BOUND('',#1507,.T.);
#1654=FACE_BOUND('',#1508,.T.);
#1655=FACE_BOUND('',#1509,.T.);
#1656=FACE_BOUND('',#1510,.T.);
#1657=FACE_BOUND('',#1511,.T.);
#1658=FACE_BOUND('',#1512,.T.);
#1659=FACE_BOUND('',#1513,.T.);
#1660=FACE_BOUND('',#1514,.T.);
#1661=FACE_BOUND('',#1515,.T.);
#1662=FACE_BOUND('',#1516,.T.);
#1663=FACE_BOUND('',#1517,.T.);
#1664=FACE_BOUND('',#1518,.T.);
#1665=FACE_BOUND('',#1519,.T.);
#1666=FACE_BOUND('',#1520,.T.);
#1667=FACE_BOUND('',#1521,.T.);
#1668=FACE_BOUND('',#1522,.T.);
#1669=FACE_BOUND('',#1523,.T.);
#1670=FACE_BOUND('',#1524,.T.);
#1671=FACE_BOUND('',#1525,.T.);
#1672=FACE_BOUND('',#1526,.T.);
#1673=FACE_BOUND('',#1527,.T.);
#1674=FACE_BOUND('',#1528,.T.);
#1675=FACE_BOUND('',#1529,.T.);
#1676=FACE_BOUND('',#1530,.T.);
#1677=FACE_BOUND('',#1531,.T.);
#1678=FACE_BOUND('',#1532,.T.);
#1679=FACE_BOUND('',#1533,.T.);
#1680=FACE_BOUND('',#1534,.T.);
#1681=FACE_BOUND('',#1535,.T.);
#1682=FACE_BOUND('',#1536,.T.);
#1683=FACE_BOUND('',#1537,.T.);
#1684=FACE_BOUND('',#1538,.T.);
#1685=FACE_BOUND('',#12,.T.);
#1686=FACE_BOUND('',#1539,.T.);
#1687=FACE_BOUND('',#1540,.T.);
#1688=FACE_BOUND('',#1541,.T.);
#1689=FACE_BOUND('',#13,.T.);
#1690=FACE_BOUND('',#1542,.T.);
#1691=FACE_BOUND('',#1543,.T.);
#1692=FACE_BOUND('',#1544,.T.);
#1693=FACE_BOUND('',#14,.T.);
#1694=FACE_BOUND('',#1545,.T.);
#1695=FACE_BOUND('',#1546,.T.);
#1696=FACE_BOUND('',#1547,.T.);
#1697=FACE_BOUND('',#15,.T.);
#1698=FACE_BOUND('',#1548,.T.);
#1699=FACE_BOUND('',#1549,.T.);
#1700=FACE_BOUND('',#1550,.T.);
#1701=FACE_BOUND('',#16,.T.);
#1702=FACE_BOUND('',#1551,.T.);
#1703=FACE_BOUND('',#1552,.T.);
#1704=FACE_BOUND('',#1553,.T.);
#1705=FACE_BOUND('',#17,.T.);
#1706=FACE_BOUND('',#1554,.T.);
#1707=FACE_BOUND('',#1555,.T.);
#1708=FACE_BOUND('',#1556,.T.);
#1709=FACE_BOUND('',#18,.T.);
#1710=FACE_BOUND('',#1557,.T.);
#1711=FACE_BOUND('',#1558,.T.);
#1712=FACE_BOUND('',#1559,.T.);
#1713=FACE_BOUND('',#19,.T.);
#1714=FACE_BOUND('',#1560,.T.);
#1715=FACE_BOUND('',#1561,.T.);
#1716=FACE_BOUND('',#1562,.T.);
#1717=PLANE('',#1914);
#1718=PLANE('',#1915);
#1719=PLANE('',#1916);
#1720=PLANE('',#1917);
#1721=PLANE('',#1918);
#1722=PLANE('',#1919);
#1723=PLANE('',#1920);
#1724=PLANE('',#1921);
#1725=PLANE('',#1928);
#1726=PLANE('',#1929);
#1727=PLANE('',#1930);
#1728=PLANE('',#1931);
#1729=PLANE('',#1932);
#1730=PLANE('',#1934);
#1731=PLANE('',#1935);
#1732=PLANE('',#1936);
#1733=PLANE('',#1937);
#1734=PLANE('',#1947);
#1735=PLANE('',#1950);
#1736=PLANE('',#1951);
#1737=PLANE('',#1952);
#1738=PLANE('',#1953);
#1739=PLANE('',#1954);
#1740=PLANE('',#1955);
#1741=PLANE('',#1957);
#1742=PLANE('',#1958);
#1743=PLANE('',#1959);
#1744=PLANE('',#1960);
#1745=PLANE('',#1964);
#1746=PLANE('',#1965);
#1747=PLANE('',#1966);
#1748=PLANE('',#1967);
#1749=PLANE('',#1968);
#1750=PLANE('',#1969);
#1751=PLANE('',#1970);
#1752=PLANE('',#1971);
#1753=PLANE('',#1972);
#1754=PLANE('',#1973);
#1755=PLANE('',#1974);
#1756=PLANE('',#1983);
#1757=PLANE('',#2012);
#1758=PLANE('',#2013);
#1759=PLANE('',#2015);
#1760=PLANE('',#2016);
#1761=PLANE('',#2017);
#1762=PLANE('',#2018);
#1763=PLANE('',#2020);
#1764=PLANE('',#2021);
#1765=PLANE('',#2022);
#1766=PLANE('',#2023);
#1767=PLANE('',#2025);
#1768=PLANE('',#2026);
#1769=PLANE('',#2027);
#1770=PLANE('',#2028);
#1771=PLANE('',#2030);
#1772=PLANE('',#2031);
#1773=PLANE('',#2033);
#1774=PLANE('',#2035);
#1775=PLANE('',#2037);
#1776=PLANE('',#2039);
#1777=PLANE('',#2042);
#1778=PLANE('',#2043);
#1779=PLANE('',#2046);
#1780=PLANE('',#2048);
#1781=PLANE('',#2050);
#1782=PLANE('',#2052);
#1783=PLANE('',#2055);
#1784=PLANE('',#2056);
#1785=PLANE('',#2057);
#1786=PLANE('',#2058);
#1787=ADVANCED_FACE('',(#1563),#1717,.F.);
#1788=ADVANCED_FACE('',(#1564),#1718,.T.);
#1789=ADVANCED_FACE('',(#1565),#1719,.T.);
#1790=ADVANCED_FACE('',(#1566),#1720,.F.);
#1791=ADVANCED_FACE('',(#1567),#1721,.F.);
#1792=ADVANCED_FACE('',(#1568),#1722,.F.);
#1793=ADVANCED_FACE('',(#1569),#1723,.F.);
#1794=ADVANCED_FACE('',(#1570,#1571,#1572,#1573,#1574,#1575,#1576,#1577),
#1724,.F.);
#1795=ADVANCED_FACE('',(#1578),#1725,.F.);
#1796=ADVANCED_FACE('',(#1579),#1726,.T.);
#1797=ADVANCED_FACE('',(#1580),#1727,.T.);
#1798=ADVANCED_FACE('',(#1581),#1728,.F.);
#1799=ADVANCED_FACE('',(#1582,#1583,#1584),#1729,.F.);
#1800=ADVANCED_FACE('',(#1585),#1730,.T.);
#1801=ADVANCED_FACE('',(#1586),#1731,.T.);
#1802=ADVANCED_FACE('',(#1587),#1732,.F.);
#1803=ADVANCED_FACE('',(#1588,#1589,#1590,#1591),#1733,.T.);
#1804=ADVANCED_FACE('',(#1592,#1593,#1594,#1595,#1596),#1734,.F.);
#1805=ADVANCED_FACE('',(#1597),#1735,.F.);
#1806=ADVANCED_FACE('',(#1598),#1736,.F.);
#1807=ADVANCED_FACE('',(#1599),#1737,.T.);
#1808=ADVANCED_FACE('',(#1600),#1738,.T.);
#1809=ADVANCED_FACE('',(#1601),#1739,.T.);
#1810=ADVANCED_FACE('',(#1602,#1603,#1604),#1740,.T.);
#1811=ADVANCED_FACE('',(#1605),#1741,.F.);
#1812=ADVANCED_FACE('',(#1606),#1742,.T.);
#1813=ADVANCED_FACE('',(#1607),#1743,.F.);
#1814=ADVANCED_FACE('',(#1608,#1609,#1610),#1744,.F.);
#1815=ADVANCED_FACE('',(#1611,#1612),#45,.F.);
#1816=ADVANCED_FACE('',(#1613),#1745,.F.);
#1817=ADVANCED_FACE('',(#1614),#1746,.T.);
#1818=ADVANCED_FACE('',(#1615),#1747,.T.);
#1819=ADVANCED_FACE('',(#1616),#1748,.F.);
#1820=ADVANCED_FACE('',(#1617),#1749,.T.);
#1821=ADVANCED_FACE('',(#1618),#1750,.T.);
#1822=ADVANCED_FACE('',(#1619),#1751,.T.);
#1823=ADVANCED_FACE('',(#1620),#1752,.T.);
#1824=ADVANCED_FACE('',(#1621),#1753,.T.);
#1825=ADVANCED_FACE('',(#1622),#1754,.T.);
#1826=ADVANCED_FACE('',(#1623),#1755,.F.);
#1827=ADVANCED_FACE('',(#1624),#1756,.T.);
#1828=ADVANCED_FACE('',(#1625,#1626),#46,.F.);
#1829=ADVANCED_FACE('',(#1627,#1628),#47,.F.);
#1830=ADVANCED_FACE('',(#1629),#48,.F.);
#1831=ADVANCED_FACE('',(#1630),#49,.F.);
#1832=ADVANCED_FACE('',(#1631),#50,.F.);
#1833=ADVANCED_FACE('',(#1632),#51,.F.);
#1834=ADVANCED_FACE('',(#1633),#52,.F.);
#1835=ADVANCED_FACE('',(#1634),#53,.F.);
#1836=ADVANCED_FACE('',(#1635),#54,.T.);
#1837=ADVANCED_FACE('',(#1636),#55,.T.);
#1838=ADVANCED_FACE('',(#1637),#1757,.F.);
#1839=ADVANCED_FACE('',(#1638),#1758,.F.);
#1840=ADVANCED_FACE('',(#1639),#20,.F.);
#1841=ADVANCED_FACE('',(#1640),#1759,.T.);
#1842=ADVANCED_FACE('',(#1641),#1760,.F.);
#1843=ADVANCED_FACE('',(#1642),#1761,.F.);
#1844=ADVANCED_FACE('',(#1643),#1762,.T.);
#1845=ADVANCED_FACE('',(#1644),#21,.T.);
#1846=ADVANCED_FACE('',(#1645),#1763,.T.);
#1847=ADVANCED_FACE('',(#1646),#1764,.F.);
#1848=ADVANCED_FACE('',(#1647),#1765,.T.);
#1849=ADVANCED_FACE('',(#1648),#1766,.F.);
#1850=ADVANCED_FACE('',(#1649),#22,.T.);
#1851=ADVANCED_FACE('',(#1650),#1767,.T.);
#1852=ADVANCED_FACE('',(#1651),#1768,.F.);
#1853=ADVANCED_FACE('',(#1652),#1769,.T.);
#1854=ADVANCED_FACE('',(#1653),#1770,.T.);
#1855=ADVANCED_FACE('',(#1654),#23,.F.);
#1856=ADVANCED_FACE('',(#1655),#1771,.T.);
#1857=ADVANCED_FACE('',(#1656),#1772,.F.);
#1858=ADVANCED_FACE('',(#1657),#24,.F.);
#1859=ADVANCED_FACE('',(#1658),#1773,.T.);
#1860=ADVANCED_FACE('',(#1659),#25,.T.);
#1861=ADVANCED_FACE('',(#1660),#1774,.T.);
#1862=ADVANCED_FACE('',(#1661),#26,.T.);
#1863=ADVANCED_FACE('',(#1662),#1775,.T.);
#1864=ADVANCED_FACE('',(#1663),#27,.F.);
#1865=ADVANCED_FACE('',(#1664),#1776,.F.);
#1866=ADVANCED_FACE('',(#1665),#28,.F.);
#1867=ADVANCED_FACE('',(#1666),#29,.F.);
#1868=ADVANCED_FACE('',(#1667),#1777,.F.);
#1869=ADVANCED_FACE('',(#1668),#1778,.F.);
#1870=ADVANCED_FACE('',(#1669),#30,.F.);
#1871=ADVANCED_FACE('',(#1670),#31,.F.);
#1872=ADVANCED_FACE('',(#1671),#1779,.F.);
#1873=ADVANCED_FACE('',(#1672),#32,.F.);
#1874=ADVANCED_FACE('',(#1673),#1780,.T.);
#1875=ADVANCED_FACE('',(#1674),#33,.F.);
#1876=ADVANCED_FACE('',(#1675),#1781,.T.);
#1877=ADVANCED_FACE('',(#1676),#34,.F.);
#1878=ADVANCED_FACE('',(#1677),#1782,.T.);
#1879=ADVANCED_FACE('',(#1678),#35,.F.);
#1880=ADVANCED_FACE('',(#1679,#1680),#36,.F.);
#1881=ADVANCED_FACE('',(#1681),#1783,.T.);
#1882=ADVANCED_FACE('',(#1682),#1784,.F.);
#1883=ADVANCED_FACE('',(#1683),#1785,.T.);
#1884=ADVANCED_FACE('',(#1684),#1786,.F.);
#1885=ADVANCED_FACE('',(#1685,#1686),#37,.F.);
#1886=ADVANCED_FACE('',(#1687,#1688),#56,.F.);
#1887=ADVANCED_FACE('',(#1689,#1690),#38,.F.);
#1888=ADVANCED_FACE('',(#1691,#1692),#57,.F.);
#1889=ADVANCED_FACE('',(#1693,#1694),#39,.F.);
#1890=ADVANCED_FACE('',(#1695,#1696),#58,.F.);
#1891=ADVANCED_FACE('',(#1697,#1698),#40,.F.);
#1892=ADVANCED_FACE('',(#1699,#1700),#59,.F.);
#1893=ADVANCED_FACE('',(#1701,#1702),#41,.F.);
#1894=ADVANCED_FACE('',(#1703,#1704),#60,.F.);
#1895=ADVANCED_FACE('',(#1705,#1706),#42,.F.);
#1896=ADVANCED_FACE('',(#1707,#1708),#61,.F.);
#1897=ADVANCED_FACE('',(#1709,#1710),#43,.F.);
#1898=ADVANCED_FACE('',(#1711,#1712),#62,.F.);
#1899=ADVANCED_FACE('',(#1713,#1714),#44,.F.);
#1900=ADVANCED_FACE('',(#1715,#1716),#63,.F.);
#1901=CLOSED_SHELL('',(#1787,#1788,#1789,#1790,#1791,#1792,#1793,#1794,
#1795,#1796,#1797,#1798,#1799,#1800,#1801,#1802,#1803,#1804,#1805,#1806,
#1807,#1808,#1809,#1810,#1811,#1812,#1813,#1814,#1815,#1816,#1817,#1818,
#1819,#1820,#1821,#1822,#1823,#1824,#1825,#1826,#1827,#1828,#1829,#1830,
#1831,#1832,#1833,#1834,#1835,#1836,#1837,#1838,#1839,#1840,#1841,#1842,
#1843,#1844,#1845,#1846,#1847,#1848,#1849,#1850,#1851,#1852,#1853,#1854,
#1855,#1856,#1857,#1858,#1859,#1860,#1861,#1862,#1863,#1864,#1865,#1866,
#1867,#1868,#1869,#1870,#1871,#1872,#1873,#1874,#1875,#1876,#1877,#1878,
#1879,#1880,#1881,#1882,#1883,#1884,#1885,#1886,#1887,#1888,#1889,#1890,
#1891,#1892,#1893,#1894,#1895,#1896,#1897,#1898,#1899,#1900));
#1902=STYLED_ITEM('',(#1903),#1910);
#1903=PRESENTATION_STYLE_ASSIGNMENT((#1904));
#1904=SURFACE_STYLE_USAGE(.BOTH.,#1905);
#1905=SURFACE_SIDE_STYLE('',(#1906));
#1906=SURFACE_STYLE_FILL_AREA(#1907);
#1907=FILL_AREA_STYLE('',(#1908));
#1908=FILL_AREA_STYLE_COLOUR('',#1909);
#1909=COLOUR_RGB('',0.615686274509804,0.811764705882353,0.929411764705882);
#1910=MANIFOLD_SOLID_BREP('shell',#1901);
#1911=SHAPE_DEFINITION_REPRESENTATION(#3166,#1912);
#1912=SHAPE_REPRESENTATION('shell',(#1913),#3161);
#1913=AXIS2_PLACEMENT_3D('',#2613,#2083,#2084);
#1914=AXIS2_PLACEMENT_3D('',#2614,#2085,#2086);
#1915=AXIS2_PLACEMENT_3D('',#2623,#2091,#2092);
#1916=AXIS2_PLACEMENT_3D('',#2629,#2096,#2097);
#1917=AXIS2_PLACEMENT_3D('',#2635,#2101,#2102);
#1918=AXIS2_PLACEMENT_3D('',#2638,#2105,#2106);
#1919=AXIS2_PLACEMENT_3D('',#2647,#2111,#2112);
#1920=AXIS2_PLACEMENT_3D('',#2653,#2116,#2117);
#1921=AXIS2_PLACEMENT_3D('',#2659,#2121,#2122);
#1922=AXIS2_PLACEMENT_3D('',#2692,#2139,#2140);
#1923=AXIS2_PLACEMENT_3D('',#2694,#2141,#2142);
#1924=AXIS2_PLACEMENT_3D('',#2696,#2143,#2144);
#1925=AXIS2_PLACEMENT_3D('',#2698,#2145,#2146);
#1926=AXIS2_PLACEMENT_3D('',#2700,#2147,#2148);
#1927=AXIS2_PLACEMENT_3D('',#2702,#2149,#2150);
#1928=AXIS2_PLACEMENT_3D('',#2704,#2151,#2152);
#1929=AXIS2_PLACEMENT_3D('',#2713,#2157,#2158);
#1930=AXIS2_PLACEMENT_3D('',#2719,#2162,#2163);
#1931=AXIS2_PLACEMENT_3D('',#2725,#2167,#2168);
#1932=AXIS2_PLACEMENT_3D('',#2731,#2172,#2173);
#1933=AXIS2_PLACEMENT_3D('',#2732,#2174,#2175);
#1934=AXIS2_PLACEMENT_3D('',#2747,#2183,#2184);
#1935=AXIS2_PLACEMENT_3D('',#2753,#2188,#2189);
#1936=AXIS2_PLACEMENT_3D('',#2799,#2201,#2202);
#1937=AXIS2_PLACEMENT_3D('',#2802,#2205,#2206);
#1938=AXIS2_PLACEMENT_3D('',#2803,#2207,#2208);
#1939=AXIS2_PLACEMENT_3D('',#2808,#2210,#2211);
#1940=AXIS2_PLACEMENT_3D('',#2812,#2213,#2214);
#1941=AXIS2_PLACEMENT_3D('',#2816,#2216,#2217);
#1942=AXIS2_PLACEMENT_3D('',#2819,#2219,#2220);
#1943=AXIS2_PLACEMENT_3D('',#2832,#2226,#2227);
#1944=AXIS2_PLACEMENT_3D('',#2836,#2229,#2230);
#1945=AXIS2_PLACEMENT_3D('',#2840,#2232,#2233);
#1946=AXIS2_PLACEMENT_3D('',#2851,#2239,#2240);
#1947=AXIS2_PLACEMENT_3D('',#2853,#2241,#2242);
#1948=AXIS2_PLACEMENT_3D('',#2854,#2243,#2244);
#1949=AXIS2_PLACEMENT_3D('',#2856,#2245,#2246);
#1950=AXIS2_PLACEMENT_3D('',#2875,#2256,#2257);
#1951=AXIS2_PLACEMENT_3D('',#2878,#2260,#2261);
#1952=AXIS2_PLACEMENT_3D('',#2880,#2263,#2264);
#1953=AXIS2_PLACEMENT_3D('',#2882,#2266,#2267);
#1954=AXIS2_PLACEMENT_3D('',#2884,#2269,#2270);
#1955=AXIS2_PLACEMENT_3D('',#2886,#2272,#2273);
#1956=AXIS2_PLACEMENT_3D('',#2887,#2274,#2275);
#1957=AXIS2_PLACEMENT_3D('',#2898,#2281,#2282);
#1958=AXIS2_PLACEMENT_3D('',#2901,#2285,#2286);
#1959=AXIS2_PLACEMENT_3D('',#2902,#2287,#2288);
#1960=AXIS2_PLACEMENT_3D('',#2903,#2289,#2290);
#1961=AXIS2_PLACEMENT_3D('',#2904,#2291,#2292);
#1962=AXIS2_PLACEMENT_3D('',#2906,#2293,#2294);
#1963=AXIS2_PLACEMENT_3D('',#2908,#2295,#2296);
#1964=AXIS2_PLACEMENT_3D('',#2909,#2297,#2298);
#1965=AXIS2_PLACEMENT_3D('',#2912,#2301,#2302);
#1966=AXIS2_PLACEMENT_3D('',#2915,#2305,#2306);
#1967=AXIS2_PLACEMENT_3D('',#2916,#2307,#2308);
#1968=AXIS2_PLACEMENT_3D('',#2917,#2309,#2310);
#1969=AXIS2_PLACEMENT_3D('',#2926,#2315,#2316);
#1970=AXIS2_PLACEMENT_3D('',#2935,#2321,#2322);
#1971=AXIS2_PLACEMENT_3D('',#2944,#2327,#2328);
#1972=AXIS2_PLACEMENT_3D('',#2953,#2333,#2334);
#1973=AXIS2_PLACEMENT_3D('',#2962,#2339,#2340);
#1974=AXIS2_PLACEMENT_3D('',#2971,#2345,#2346);
#1975=AXIS2_PLACEMENT_3D('',#2975,#2348,#2349);
#1976=AXIS2_PLACEMENT_3D('',#2976,#2350,#2351);
#1977=AXIS2_PLACEMENT_3D('',#2980,#2353,#2354);
#1978=AXIS2_PLACEMENT_3D('',#2984,#2356,#2357);
#1979=AXIS2_PLACEMENT_3D('',#2988,#2359,#2360);
#1980=AXIS2_PLACEMENT_3D('',#2989,#2361,#2362);
#1981=AXIS2_PLACEMENT_3D('',#2993,#2364,#2365);
#1982=AXIS2_PLACEMENT_3D('',#2997,#2367,#2368);
#1983=AXIS2_PLACEMENT_3D('',#2998,#2369,#2370);
#1984=AXIS2_PLACEMENT_3D('',#2999,#2371,#2372);
#1985=AXIS2_PLACEMENT_3D('',#3001,#2373,#2374);
#1986=AXIS2_PLACEMENT_3D('',#3002,#2375,#2376);
#1987=AXIS2_PLACEMENT_3D('',#3003,#2377,#2378);
#1988=AXIS2_PLACEMENT_3D('',#3005,#2379,#2380);
#1989=AXIS2_PLACEMENT_3D('',#3006,#2381,#2382);
#1990=AXIS2_PLACEMENT_3D('',#3007,#2383,#2384);
#1991=AXIS2_PLACEMENT_3D('',#3008,#2385,#2386);
#1992=AXIS2_PLACEMENT_3D('',#3009,#2387,#2388);
#1993=AXIS2_PLACEMENT_3D('',#3010,#2389,#2390);
#1994=AXIS2_PLACEMENT_3D('',#3011,#2391,#2392);
#1995=AXIS2_PLACEMENT_3D('',#3012,#2393,#2394);
#1996=AXIS2_PLACEMENT_3D('',#3013,#2395,#2396);
#1997=AXIS2_PLACEMENT_3D('',#3014,#2397,#2398);
#1998=AXIS2_PLACEMENT_3D('',#3015,#2399,#2400);
#1999=AXIS2_PLACEMENT_3D('',#3016,#2401,#2402);
#2000=AXIS2_PLACEMENT_3D('',#3017,#2403,#2404);
#2001=AXIS2_PLACEMENT_3D('',#3018,#2405,#2406);
#2002=AXIS2_PLACEMENT_3D('',#3019,#2407,#2408);
#2003=AXIS2_PLACEMENT_3D('',#3020,#2409,#2410);
#2004=AXIS2_PLACEMENT_3D('',#3021,#2411,#2412);
#2005=AXIS2_PLACEMENT_3D('',#3022,#2413,#2414);
#2006=AXIS2_PLACEMENT_3D('',#3023,#2415,#2416);
#2007=AXIS2_PLACEMENT_3D('',#3024,#2417,#2418);
#2008=AXIS2_PLACEMENT_3D('',#3025,#2419,#2420);
#2009=AXIS2_PLACEMENT_3D('',#3026,#2421,#2422);
#2010=AXIS2_PLACEMENT_3D('',#3027,#2423,#2424);
#2011=AXIS2_PLACEMENT_3D('',#3028,#2425,#2426);
#2012=AXIS2_PLACEMENT_3D('',#3029,#2427,#2428);
#2013=AXIS2_PLACEMENT_3D('',#3032,#2431,#2432);
#2014=AXIS2_PLACEMENT_3D('',#3034,#2434,#2435);
#2015=AXIS2_PLACEMENT_3D('',#3036,#2437,#2438);
#2016=AXIS2_PLACEMENT_3D('',#3038,#2440,#2441);
#2017=AXIS2_PLACEMENT_3D('',#3040,#2443,#2444);
#2018=AXIS2_PLACEMENT_3D('',#3042,#2446,#2447);
#2019=AXIS2_PLACEMENT_3D('',#3044,#2449,#2450);
#2020=AXIS2_PLACEMENT_3D('',#3046,#2452,#2453);
#2021=AXIS2_PLACEMENT_3D('',#3048,#2455,#2456);
#2022=AXIS2_PLACEMENT_3D('',#3050,#2458,#2459);
#2023=AXIS2_PLACEMENT_3D('',#3052,#2461,#2462);
#2024=AXIS2_PLACEMENT_3D('',#3054,#2464,#2465);
#2025=AXIS2_PLACEMENT_3D('',#3056,#2467,#2468);
#2026=AXIS2_PLACEMENT_3D('',#3058,#2470,#2471);
#2027=AXIS2_PLACEMENT_3D('',#3060,#2473,#2474);
#2028=AXIS2_PLACEMENT_3D('',#3062,#2476,#2477);
#2029=AXIS2_PLACEMENT_3D('',#3064,#2479,#2480);
#2030=AXIS2_PLACEMENT_3D('',#3066,#2482,#2483);
#2031=AXIS2_PLACEMENT_3D('',#3068,#2485,#2486);
#2032=AXIS2_PLACEMENT_3D('',#3069,#2487,#2488);
#2033=AXIS2_PLACEMENT_3D('',#3071,#2490,#2491);
#2034=AXIS2_PLACEMENT_3D('',#3073,#2493,#2494);
#2035=AXIS2_PLACEMENT_3D('',#3075,#2496,#2497);
#2036=AXIS2_PLACEMENT_3D('',#3077,#2499,#2500);
#2037=AXIS2_PLACEMENT_3D('',#3079,#2502,#2503);
#2038=AXIS2_PLACEMENT_3D('',#3081,#2505,#2506);
#2039=AXIS2_PLACEMENT_3D('',#3082,#2507,#2508);
#2040=AXIS2_PLACEMENT_3D('',#3085,#2511,#2512);
#2041=AXIS2_PLACEMENT_3D('',#3087,#2514,#2515);
#2042=AXIS2_PLACEMENT_3D('',#3089,#2517,#2518);
#2043=AXIS2_PLACEMENT_3D('',#3091,#2520,#2521);
#2044=AXIS2_PLACEMENT_3D('',#3093,#2523,#2524);
#2045=AXIS2_PLACEMENT_3D('',#3095,#2526,#2527);
#2046=AXIS2_PLACEMENT_3D('',#3097,#2529,#2530);
#2047=AXIS2_PLACEMENT_3D('',#3098,#2531,#2532);
#2048=AXIS2_PLACEMENT_3D('',#3100,#2534,#2535);
#2049=AXIS2_PLACEMENT_3D('',#3102,#2537,#2538);
#2050=AXIS2_PLACEMENT_3D('',#3104,#2540,#2541);
#2051=AXIS2_PLACEMENT_3D('',#3106,#2543,#2544);
#2052=AXIS2_PLACEMENT_3D('',#3108,#2546,#2547);
#2053=AXIS2_PLACEMENT_3D('',#3110,#2549,#2550);
#2054=AXIS2_PLACEMENT_3D('',#3111,#2551,#2552);
#2055=AXIS2_PLACEMENT_3D('',#3112,#2553,#2554);
#2056=AXIS2_PLACEMENT_3D('',#3115,#2557,#2558);
#2057=AXIS2_PLACEMENT_3D('',#3117,#2560,#2561);
#2058=AXIS2_PLACEMENT_3D('',#3119,#2563,#2564);
#2059=AXIS2_PLACEMENT_3D('',#3120,#2565,#2566);
#2060=AXIS2_PLACEMENT_3D('',#3122,#2567,#2568);
#2061=AXIS2_PLACEMENT_3D('',#3124,#2569,#2570);
#2062=AXIS2_PLACEMENT_3D('',#3125,#2571,#2572);
#2063=AXIS2_PLACEMENT_3D('',#3127,#2573,#2574);
#2064=AXIS2_PLACEMENT_3D('',#3129,#2575,#2576);
#2065=AXIS2_PLACEMENT_3D('',#3130,#2577,#2578);
#2066=AXIS2_PLACEMENT_3D('',#3132,#2579,#2580);
#2067=AXIS2_PLACEMENT_3D('',#3134,#2581,#2582);
#2068=AXIS2_PLACEMENT_3D('',#3135,#2583,#2584);
#2069=AXIS2_PLACEMENT_3D('',#3137,#2585,#2586);
#2070=AXIS2_PLACEMENT_3D('',#3139,#2587,#2588);
#2071=AXIS2_PLACEMENT_3D('',#3140,#2589,#2590);
#2072=AXIS2_PLACEMENT_3D('',#3142,#2591,#2592);
#2073=AXIS2_PLACEMENT_3D('',#3144,#2593,#2594);
#2074=AXIS2_PLACEMENT_3D('',#3145,#2595,#2596);
#2075=AXIS2_PLACEMENT_3D('',#3147,#2597,#2598);
#2076=AXIS2_PLACEMENT_3D('',#3149,#2599,#2600);
#2077=AXIS2_PLACEMENT_3D('',#3150,#2601,#2602);
#2078=AXIS2_PLACEMENT_3D('',#3152,#2603,#2604);
#2079=AXIS2_PLACEMENT_3D('',#3154,#2605,#2606);
#2080=AXIS2_PLACEMENT_3D('',#3155,#2607,#2608);
#2081=AXIS2_PLACEMENT_3D('',#3157,#2609,#2610);
#2082=AXIS2_PLACEMENT_3D('',#3159,#2611,#2612);
#2083=DIRECTION('',(0.,0.,1.));
#2084=DIRECTION('',(1.,0.,0.));
#2085=DIRECTION('',(-1.,0.,1.92747052886312E-16));
#2086=DIRECTION('',(1.92747052886312E-16,0.,1.));
#2087=DIRECTION('',(-1.92747052886312E-16,0.,-1.));
#2088=DIRECTION('',(0.,-1.,0.));
#2089=DIRECTION('',(-1.92747052886312E-16,0.,-1.));
#2090=DIRECTION('',(0.,-1.,0.));
#2091=DIRECTION('',(0.,0.,-1.));
#2092=DIRECTION('',(-1.,0.,0.));
#2093=DIRECTION('',(0.,-1.,0.));
#2094=DIRECTION('',(1.,0.,0.));
#2095=DIRECTION('',(1.,0.,0.));
#2096=DIRECTION('',(-1.,0.,-3.05182833736661E-16));
#2097=DIRECTION('',(-3.05182833736661E-16,0.,1.));
#2098=DIRECTION('',(0.,-1.,0.));
#2099=DIRECTION('',(3.05182833736661E-16,0.,-1.));
#2100=DIRECTION('',(3.05182833736661E-16,0.,-1.));
#2101=DIRECTION('',(0.,0.,-1.));
#2102=DIRECTION('',(-1.,0.,0.));
#2103=DIRECTION('',(1.,0.,0.));
#2104=DIRECTION('',(1.,0.,0.));
#2105=DIRECTION('',(0.,0.,-1.));
#2106=DIRECTION('',(-1.,0.,0.));
#2107=DIRECTION('',(1.,0.,0.));
#2108=DIRECTION('',(0.,-1.,0.));
#2109=DIRECTION('',(1.,0.,0.));
#2110=DIRECTION('',(0.,-1.,0.));
#2111=DIRECTION('',(-1.,0.,0.));
#2112=DIRECTION('',(0.,0.,1.));
#2113=DIRECTION('',(0.,0.,-1.));
#2114=DIRECTION('',(0.,0.,-1.));
#2115=DIRECTION('',(0.,-1.,0.));
#2116=DIRECTION('',(-1.47636040508664E-16,0.,1.));
#2117=DIRECTION('',(1.,0.,1.47636040508664E-16));
#2118=DIRECTION('',(-1.,0.,-1.47636040508664E-16));
#2119=DIRECTION('',(-1.,0.,-1.47636040508664E-16));
#2120=DIRECTION('',(0.,-1.,0.));
#2121=DIRECTION('',(0.,-1.,0.));
#2122=DIRECTION('',(1.,0.,0.));
#2123=DIRECTION('',(2.74419532922884E-16,0.,-1.));
#2124=DIRECTION('',(-0.707106781186549,0.,-0.707106781186546));
#2125=DIRECTION('',(1.,0.,0.));
#2126=DIRECTION('',(0.707106781186549,0.,-0.707106781186546));
#2127=DIRECTION('',(2.74419532922884E-16,0.,-1.));
#2128=DIRECTION('',(0.707106781186546,0.,0.707106781186549));
#2129=DIRECTION('',(1.,0.,5.4422697285547E-16));
#2130=DIRECTION('',(-0.707106781186548,0.,0.707106781186548));
#2131=DIRECTION('',(1.,0.,0.));
#2132=DIRECTION('',(-2.31296463463574E-16,0.,1.));
#2133=DIRECTION('',(-1.,0.,-1.61369625672261E-16));
#2134=DIRECTION('',(-1.15648231731787E-16,0.,1.));
#2135=DIRECTION('',(1.,0.,0.));
#2136=DIRECTION('',(-2.56996070515082E-16,0.,-1.));
#2137=DIRECTION('',(1.,0.,0.));
#2138=DIRECTION('',(0.,0.,-1.));
#2139=DIRECTION('',(0.,-1.,0.));
#2140=DIRECTION('',(0.,0.,-1.));
#2141=DIRECTION('',(0.,-1.,0.));
#2142=DIRECTION('',(0.,0.,-1.));
#2143=DIRECTION('',(0.,-1.,0.));
#2144=DIRECTION('',(0.,0.,-1.));
#2145=DIRECTION('',(0.,-1.,0.));
#2146=DIRECTION('',(0.,0.,-1.));
#2147=DIRECTION('',(0.,-1.,0.));
#2148=DIRECTION('',(0.,0.,-1.));
#2149=DIRECTION('',(0.,-1.,0.));
#2150=DIRECTION('',(0.,0.,-1.));
#2151=DIRECTION('',(-1.,0.,2.66880534765662E-16));
#2152=DIRECTION('',(2.66880534765662E-16,0.,1.));
#2153=DIRECTION('',(0.,-1.,0.));
#2154=DIRECTION('',(-2.66880534765662E-16,0.,-1.));
#2155=DIRECTION('',(0.,-1.,0.));
#2156=DIRECTION('',(2.66880534765662E-16,0.,1.));
#2157=DIRECTION('',(0.,0.,-1.));
#2158=DIRECTION('',(-1.,0.,0.));
#2159=DIRECTION('',(0.,-1.,0.));
#2160=DIRECTION('',(-1.,0.,0.));
#2161=DIRECTION('',(-1.,0.,0.));
#2162=DIRECTION('',(-1.,0.,2.08500417785674E-16));
#2163=DIRECTION('',(2.08500417785674E-16,0.,1.));
#2164=DIRECTION('',(0.,-1.,0.));
#2165=DIRECTION('',(2.08500417785674E-16,0.,1.));
#2166=DIRECTION('',(2.08500417785674E-16,0.,1.));
#2167=DIRECTION('',(-1.,0.,-2.74419532922884E-16));
#2168=DIRECTION('',(-2.74419532922884E-16,0.,1.));
#2169=DIRECTION('',(2.74419532922884E-16,0.,-1.));
#2170=DIRECTION('',(0.,1.,0.));
#2171=DIRECTION('',(0.,-1.,0.));
#2172=DIRECTION('',(5.4422697285547E-16,0.,-1.));
#2173=DIRECTION('',(-1.,0.,-5.4422697285547E-16));
#2174=DIRECTION('',(5.4422697285547E-16,0.,-1.));
#2175=DIRECTION('',(-1.,0.,-5.4422697285547E-16));
#2176=DIRECTION('',(0.,-1.,0.));
#2177=DIRECTION('',(1.,0.,0.));
#2178=DIRECTION('',(0.,-1.,0.));
#2179=DIRECTION('',(1.,0.,0.));
#2180=DIRECTION('',(1.,0.,5.4422697285547E-16));
#2181=DIRECTION('',(0.,1.,0.));
#2182=DIRECTION('',(0.,-1.,0.));
#2183=DIRECTION('',(-1.,0.,-2.74419532922884E-16));
#2184=DIRECTION('',(-2.74419532922884E-16,0.,1.));
#2185=DIRECTION('',(0.,-1.,0.));
#2186=DIRECTION('',(-2.74419532922884E-16,0.,1.));
#2187=DIRECTION('',(0.,1.,0.));
#2188=DIRECTION('',(0.,0.,-1.));
#2189=DIRECTION('',(-1.,0.,0.));
#2190=DIRECTION('',(0.,-1.,0.));
#2191=DIRECTION('',(-1.,0.,0.));
#2192=DIRECTION('',(0.,-1.,0.));
#2193=DIRECTION('',(1.,0.,0.));
#2194=DIRECTION('',(0.,-1.,0.));
#2195=DIRECTION('',(-1.,0.,0.));
#2196=DIRECTION('',(0.,1.,0.));
#2197=DIRECTION('',(0.,-1.,0.));
#2198=DIRECTION('',(-1.,0.,0.));
#2199=DIRECTION('',(0.,-1.,0.));
#2200=DIRECTION('',(1.,0.,1.20185167898973E-15));
#2201=DIRECTION('',(-2.71050543121376E-16,0.,-1.));
#2202=DIRECTION('',(-1.,0.,2.71050543121376E-16));
#2203=DIRECTION('',(1.,0.,-2.71050543121376E-16));
#2204=DIRECTION('',(-1.,0.,2.71050543121376E-16));
#2205=DIRECTION('',(0.,-1.,0.));
#2206=DIRECTION('',(1.,0.,0.));
#2207=DIRECTION('',(0.,-1.,0.));
#2208=DIRECTION('',(0.,0.,-1.));
#2209=DIRECTION('',(1.,0.,0.));
#2210=DIRECTION('',(0.,-1.,0.));
#2211=DIRECTION('',(0.,0.,-1.));
#2212=DIRECTION('',(-0.5,0.,-0.866025403784439));
#2213=DIRECTION('',(0.,-1.,0.));
#2214=DIRECTION('',(0.,0.,-1.));
#2215=DIRECTION('',(-1.,0.,0.));
#2216=DIRECTION('',(0.,-1.,0.));
#2217=DIRECTION('',(0.,0.,-1.));
#2218=DIRECTION('',(-0.5,0.,0.866025403784439));
#2219=DIRECTION('',(0.,-1.,0.));
#2220=DIRECTION('',(0.,0.,-1.));
#2221=DIRECTION('',(1.,0.,0.));
#2222=DIRECTION('',(-2.74419532922884E-16,0.,1.));
#2223=DIRECTION('',(-1.,0.,-5.4422697285547E-16));
#2224=DIRECTION('',(2.74419532922884E-16,0.,-1.));
#2225=DIRECTION('',(1.,0.,0.));
#2226=DIRECTION('',(0.,-1.,0.));
#2227=DIRECTION('',(0.,0.,-1.));
#2228=DIRECTION('',(0.5,0.,-0.866025403784439));
#2229=DIRECTION('',(0.,-1.,0.));
#2230=DIRECTION('',(0.,0.,-1.));
#2231=DIRECTION('',(1.,0.,0.));
#2232=DIRECTION('',(0.,-1.,0.));
#2233=DIRECTION('',(0.,0.,-1.));
#2234=DIRECTION('',(0.5,0.,0.866025403784439));
#2235=DIRECTION('',(1.,0.,0.));
#2236=DIRECTION('',(-2.08500417785674E-16,0.,-1.));
#2237=DIRECTION('',(-1.,0.,2.71050543121376E-16));
#2238=DIRECTION('',(2.66880534765662E-16,0.,1.));
#2239=DIRECTION('',(0.,1.,0.));
#2240=DIRECTION('',(0.,0.,1.));
#2241=DIRECTION('',(0.,-1.,0.));
#2242=DIRECTION('',(1.,0.,0.));
#2243=DIRECTION('',(0.,-1.,0.));
#2244=DIRECTION('',(0.,0.,-1.));
#2245=DIRECTION('',(0.,-1.,0.));
#2246=DIRECTION('',(0.,0.,-1.));
#2247=DIRECTION('',(-1.15648231731787E-16,0.,1.));
#2248=DIRECTION('',(-1.,0.,-1.61369625672261E-16));
#2249=DIRECTION('',(-2.31296463463574E-16,0.,1.));
#2250=DIRECTION('',(3.36839509898409E-16,0.,-1.));
#2251=DIRECTION('',(1.,0.,0.));
#2252=DIRECTION('',(0.,0.,-1.));
#2253=DIRECTION('',(1.,0.,0.));
#2254=DIRECTION('',(-2.56996070515082E-16,0.,-1.));
#2255=DIRECTION('',(1.,0.,0.));
#2256=DIRECTION('',(1.,0.,1.15648231731787E-16));
#2257=DIRECTION('',(1.15648231731787E-16,0.,-1.));
#2258=DIRECTION('',(0.,-1.,0.));
#2259=DIRECTION('',(0.,-1.,0.));
#2260=DIRECTION('',(0.,0.,-1.));
#2261=DIRECTION('',(-1.,0.,0.));
#2262=DIRECTION('',(0.,-1.,0.));
#2263=DIRECTION('',(-1.,0.,2.56996070515082E-16));
#2264=DIRECTION('',(2.56996070515082E-16,0.,1.));
#2265=DIRECTION('',(0.,-1.,0.));
#2266=DIRECTION('',(0.,0.,-1.));
#2267=DIRECTION('',(-1.,0.,0.));
#2268=DIRECTION('',(0.,-1.,0.));
#2269=DIRECTION('',(-1.,0.,0.));
#2270=DIRECTION('',(0.,0.,1.));
#2271=DIRECTION('',(0.,-1.,0.));
#2272=DIRECTION('',(0.,0.,-1.));
#2273=DIRECTION('',(-1.,0.,0.));
#2274=DIRECTION('',(5.4422697285547E-16,0.,-1.));
#2275=DIRECTION('',(-1.,0.,-5.4422697285547E-16));
#2276=DIRECTION('',(1.,0.,0.));
#2277=DIRECTION('',(0.,-1.,0.));
#2278=DIRECTION('',(1.,0.,0.));
#2279=DIRECTION('',(0.,-1.,0.));
#2280=DIRECTION('',(0.,-1.,0.));
#2281=DIRECTION('',(-1.,0.,-3.36839509898409E-16));
#2282=DIRECTION('',(-3.36839509898409E-16,0.,1.));
#2283=DIRECTION('',(0.,0.,1.));
#2284=DIRECTION('',(0.,-1.,0.));
#2285=DIRECTION('',(-1.61369625672261E-16,0.,1.));
#2286=DIRECTION('',(1.,0.,1.61369625672261E-16));
#2287=DIRECTION('',(0.,-1.,0.));
#2288=DIRECTION('',(1.,0.,0.));
#2289=DIRECTION('',(0.,-1.,0.));
#2290=DIRECTION('',(1.,0.,0.));
#2291=DIRECTION('',(0.,-1.,0.));
#2292=DIRECTION('',(0.,0.,-1.));
#2293=DIRECTION('',(0.,-1.,0.));
#2294=DIRECTION('',(0.,0.,-1.));
#2295=DIRECTION('',(0.,1.,0.));
#2296=DIRECTION('',(0.,0.,1.));
#2297=DIRECTION('',(-1.,0.,0.));
#2298=DIRECTION('',(0.,0.,1.));
#2299=DIRECTION('',(0.,0.,-1.));
#2300=DIRECTION('',(0.,0.,-1.));
#2301=DIRECTION('',(-1.,0.,-4.33680868994202E-16));
#2302=DIRECTION('',(-4.33680868994202E-16,0.,1.));
#2303=DIRECTION('',(4.33680868994202E-16,0.,-1.));
#2304=DIRECTION('',(4.33680868994202E-16,0.,-1.));
#2305=DIRECTION('',(0.,-1.,0.));
#2306=DIRECTION('',(1.,0.,0.));
#2307=DIRECTION('',(0.,-1.,0.));
#2308=DIRECTION('',(1.,0.,0.));
#2309=DIRECTION('',(-0.866025403784438,0.,0.5));
#2310=DIRECTION('',(0.5,0.,0.866025403784439));
#2311=DIRECTION('',(0.,-1.,0.));
#2312=DIRECTION('',(0.5,0.,0.866025403784439));
#2313=DIRECTION('',(0.,-1.,0.));
#2314=DIRECTION('',(-0.5,0.,-0.866025403784439));
#2315=DIRECTION('',(0.,0.,1.));
#2316=DIRECTION('',(1.,0.,0.));
#2317=DIRECTION('',(0.,-1.,0.));
#2318=DIRECTION('',(1.,0.,0.));
#2319=DIRECTION('',(0.,-1.,0.));
#2320=DIRECTION('',(-1.,0.,0.));
#2321=DIRECTION('',(0.866025403784438,0.,0.5));
#2322=DIRECTION('',(0.5,0.,-0.866025403784439));
#2323=DIRECTION('',(0.,-1.,0.));
#2324=DIRECTION('',(0.5,0.,-0.866025403784439));
#2325=DIRECTION('',(0.,-1.,0.));
#2326=DIRECTION('',(-0.5,0.,0.866025403784439));
#2327=DIRECTION('',(-0.866025403784438,0.,-0.5));
#2328=DIRECTION('',(-0.5,0.,0.866025403784439));
#2329=DIRECTION('',(0.,-1.,0.));
#2330=DIRECTION('',(-0.5,0.,0.866025403784439));
#2331=DIRECTION('',(0.,-1.,0.));
#2332=DIRECTION('',(0.5,0.,-0.866025403784439));
#2333=DIRECTION('',(0.,0.,-1.));
#2334=DIRECTION('',(-1.,0.,0.));
#2335=DIRECTION('',(0.,-1.,0.));
#2336=DIRECTION('',(-1.,0.,0.));
#2337=DIRECTION('',(0.,-1.,0.));
#2338=DIRECTION('',(1.,0.,0.));
#2339=DIRECTION('',(0.866025403784438,0.,-0.5));
#2340=DIRECTION('',(-0.5,0.,-0.866025403784439));
#2341=DIRECTION('',(0.,-1.,0.));
#2342=DIRECTION('',(-0.5,0.,-0.866025403784439));
#2343=DIRECTION('',(0.,-1.,0.));
#2344=DIRECTION('',(0.5,0.,0.866025403784439));
#2345=DIRECTION('',(0.,-1.,0.));
#2346=DIRECTION('',(1.,0.,0.));
#2347=DIRECTION('',(-0.5,0.,0.866025403784439));
#2348=DIRECTION('',(0.,-1.,0.));
#2349=DIRECTION('',(0.,0.,-1.));
#2350=DIRECTION('',(0.,-1.,0.));
#2351=DIRECTION('',(0.,0.,-1.));
#2352=DIRECTION('',(0.5,0.,-0.866025403784439));
#2353=DIRECTION('',(0.,-1.,0.));
#2354=DIRECTION('',(0.,0.,-1.));
#2355=DIRECTION('',(1.,0.,0.));
#2356=DIRECTION('',(0.,-1.,0.));
#2357=DIRECTION('',(0.,0.,-1.));
#2358=DIRECTION('',(0.5,0.,0.866025403784439));
#2359=DIRECTION('',(0.,-1.,0.));
#2360=DIRECTION('',(0.,0.,-1.));
#2361=DIRECTION('',(0.,-1.,0.));
#2362=DIRECTION('',(0.,0.,-1.));
#2363=DIRECTION('',(-0.5,0.,-0.866025403784439));
#2364=DIRECTION('',(0.,-1.,0.));
#2365=DIRECTION('',(0.,0.,-1.));
#2366=DIRECTION('',(-1.,0.,0.));
#2367=DIRECTION('',(0.,-1.,0.));
#2368=DIRECTION('',(0.,0.,-1.));
#2369=DIRECTION('',(0.,1.,0.));
#2370=DIRECTION('',(0.,0.,1.));
#2371=DIRECTION('',(0.,-1.,0.));
#2372=DIRECTION('',(0.,0.,-1.));
#2373=DIRECTION('',(0.,-1.,0.));
#2374=DIRECTION('',(0.,0.,-1.));
#2375=DIRECTION('',(5.4422697285547E-16,0.,-1.));
#2376=DIRECTION('',(-1.,0.,-5.4422697285547E-16));
#2377=DIRECTION('',(0.,0.,-1.));
#2378=DIRECTION('',(-1.,0.,0.));
#2379=DIRECTION('',(0.,1.,0.));
#2380=DIRECTION('',(0.,0.,1.));
#2381=DIRECTION('',(0.,-1.,0.));
#2382=DIRECTION('',(0.,0.,-1.));
#2383=DIRECTION('',(0.,-1.,0.));
#2384=DIRECTION('',(0.,0.,-1.));
#2385=DIRECTION('',(0.,1.,0.));
#2386=DIRECTION('',(0.,0.,1.));
#2387=DIRECTION('',(0.,-1.,0.));
#2388=DIRECTION('',(0.,0.,-1.));
#2389=DIRECTION('',(0.,-1.,0.));
#2390=DIRECTION('',(0.,0.,-1.));
#2391=DIRECTION('',(0.,1.,0.));
#2392=DIRECTION('',(0.,0.,1.));
#2393=DIRECTION('',(0.,-1.,0.));
#2394=DIRECTION('',(0.,0.,-1.));
#2395=DIRECTION('',(0.,-1.,0.));
#2396=DIRECTION('',(0.,0.,-1.));
#2397=DIRECTION('',(0.,1.,0.));
#2398=DIRECTION('',(0.,0.,1.));
#2399=DIRECTION('',(0.,-1.,0.));
#2400=DIRECTION('',(0.,0.,-1.));
#2401=DIRECTION('',(0.,-1.,0.));
#2402=DIRECTION('',(0.,0.,-1.));
#2403=DIRECTION('',(0.,1.,0.));
#2404=DIRECTION('',(0.,0.,1.));
#2405=DIRECTION('',(0.,-1.,0.));
#2406=DIRECTION('',(0.,0.,-1.));
#2407=DIRECTION('',(0.,-1.,0.));
#2408=DIRECTION('',(0.,0.,-1.));
#2409=DIRECTION('',(0.,1.,0.));
#2410=DIRECTION('',(0.,0.,1.));
#2411=DIRECTION('',(0.,-1.,0.));
#2412=DIRECTION('',(0.,0.,-1.));
#2413=DIRECTION('',(0.,-1.,0.));
#2414=DIRECTION('',(0.,0.,-1.));
#2415=DIRECTION('',(0.,-1.,0.));
#2416=DIRECTION('',(0.,0.,-1.));
#2417=DIRECTION('',(0.,-1.,0.));
#2418=DIRECTION('',(0.,0.,-1.));
#2419=DIRECTION('',(0.,-1.,0.));
#2420=DIRECTION('',(0.,0.,-1.));
#2421=DIRECTION('',(0.,-1.,0.));
#2422=DIRECTION('',(0.,0.,-1.));
#2423=DIRECTION('',(0.,-1.,0.));
#2424=DIRECTION('',(0.,0.,-1.));
#2425=DIRECTION('',(0.,-1.,0.));
#2426=DIRECTION('',(0.,0.,-1.));
#2427=DIRECTION('',(0.,0.707106781186551,0.707106781186545));
#2428=DIRECTION('',(1.,0.,0.));
#2429=DIRECTION('',(0.,0.707106781186545,-0.707106781186551));
#2430=DIRECTION('',(0.,0.707106781186545,-0.707106781186551));
#2431=DIRECTION('',(0.707106781186546,0.,0.707106781186549));
#2432=DIRECTION('',(0.,-1.,0.));
#2433=DIRECTION('',(-0.707106781186549,-3.16199978573161E-16,0.707106781186546));
#2434=DIRECTION('',(0.,-1.,0.));
#2435=DIRECTION('',(0.,0.,-1.));
#2436=DIRECTION('',(-0.612372435695798,0.707106781186545,-0.353553390593273));
#2437=DIRECTION('',(-0.577350269189623,-0.57735026918963,-0.577350269189625));
#2438=DIRECTION('',(0.,0.707106781186545,-0.707106781186551));
#2439=DIRECTION('',(0.707106781186549,-0.707106781186547,6.52365032048848E-15));
#2440=DIRECTION('',(0.612372435695795,0.707106781186547,0.353553390593275));
#2441=DIRECTION('',(0.5,0.,-0.866025403784439));
#2442=DIRECTION('',(-0.612372435695795,0.707106781186547,-0.353553390593274));
#2443=DIRECTION('',(0.707106781186546,0.707106781186549,1.94043912619816E-16));
#2444=DIRECTION('',(2.74419532922884E-16,0.,-1.));
#2445=DIRECTION('',(-0.707106781186549,0.707106781186546,-8.54444562071364E-16));
#2446=DIRECTION('',(-0.707106781186549,0.,0.707106781186546));
#2447=DIRECTION('',(0.,1.,0.));
#2448=DIRECTION('',(-0.707106781186546,2.11525895502192E-15,-0.707106781186549));
#2449=DIRECTION('',(0.,1.,0.));
#2450=DIRECTION('',(0.,0.,1.));
#2451=DIRECTION('',(0.,0.707106781186547,-0.707106781186548));
#2452=DIRECTION('',(-0.577350269189627,-0.577350269189628,0.577350269189623));
#2453=DIRECTION('',(0.707106781186548,-0.707106781186547,0.));
#2454=DIRECTION('',(-6.63422126802329E-15,0.707106781186548,0.707106781186547));
#2455=DIRECTION('',(0.,0.707106781186548,0.707106781186547));
#2456=DIRECTION('',(1.,0.,0.));
#2457=DIRECTION('',(0.,0.707106781186547,-0.707106781186548));
#2458=DIRECTION('',(-3.8482658301073E-16,-0.707106781186547,0.707106781186548));
#2459=DIRECTION('',(-1.,0.,-5.4422697285547E-16));
#2460=DIRECTION('',(-1.85457012768001E-15,-0.707106781186548,-0.707106781186547));
#2461=DIRECTION('',(-0.707106781186548,0.,-0.707106781186548));
#2462=DIRECTION('',(0.,-1.,0.));
#2463=DIRECTION('',(0.707106781186548,0.,-0.707106781186548));
#2464=DIRECTION('',(0.,1.,0.));
#2465=DIRECTION('',(0.,0.,1.));
#2466=DIRECTION('',(0.612372435695796,0.707106781186547,-0.353553390593274));
#2467=DIRECTION('',(0.577350269189625,-0.577350269189627,0.577350269189625));
#2468=DIRECTION('',(0.,-0.707106781186547,-0.707106781186548));
#2469=DIRECTION('',(0.707106781186548,0.707106781186548,1.24961746500065E-15));
#2470=DIRECTION('',(-0.612372435695793,0.707106781186549,0.353553390593273));
#2471=DIRECTION('',(0.5,0.,0.866025403784439));
#2472=DIRECTION('',(0.612372435695794,0.707106781186546,-0.353553390593279));
#2473=DIRECTION('',(0.707106781186548,-0.707106781186548,1.94043912619816E-16));
#2474=DIRECTION('',(-2.74419532922884E-16,0.,1.));
#2475=DIRECTION('',(-0.707106781186548,-0.707106781186548,3.5651437313451E-15));
#2476=DIRECTION('',(0.707106781186546,0.,-0.707106781186549));
#2477=DIRECTION('',(0.,1.,0.));
#2478=DIRECTION('',(0.707106781186549,2.77555756156289E-17,0.707106781186546));
#2479=DIRECTION('',(0.,-1.,0.));
#2480=DIRECTION('',(0.,0.,-1.));
#2481=DIRECTION('',(0.,0.707106781186545,-0.70710678118655));
#2482=DIRECTION('',(0.577350269189624,-0.577350269189627,-0.577350269189626));
#2483=DIRECTION('',(0.,0.707106781186547,-0.707106781186548));
#2484=DIRECTION('',(4.80740671595892E-15,-0.707106781186545,0.707106781186551));
#2485=DIRECTION('',(0.,0.707106781186551,0.707106781186545));
#2486=DIRECTION('',(1.,0.,0.));
#2487=DIRECTION('',(0.,1.,0.));
#2488=DIRECTION('',(0.,0.,1.));
#2489=DIRECTION('',(0.612372435695796,-0.707106781186546,-0.353553390593274));
#2490=DIRECTION('',(0.612372435695793,0.707106781186549,-0.353553390593273));
#2491=DIRECTION('',(-0.5,0.,-0.866025403784439));
#2492=DIRECTION('',(0.612372435695796,-0.707106781186546,-0.353553390593274));
#2493=DIRECTION('',(0.,-1.,0.));
#2494=DIRECTION('',(0.,0.,-1.));
#2495=DIRECTION('',(0.,-0.707106781186547,-0.707106781186548));
#2496=DIRECTION('',(0.,0.707106781186548,-0.707106781186547));
#2497=DIRECTION('',(-1.,0.,0.));
#2498=DIRECTION('',(0.,-0.707106781186547,-0.707106781186548));
#2499=DIRECTION('',(0.,-1.,0.));
#2500=DIRECTION('',(0.,0.,-1.));
#2501=DIRECTION('',(-0.612372435695796,-0.707106781186547,-0.353553390593274));
#2502=DIRECTION('',(-0.612372435695795,0.707106781186547,-0.353553390593275));
#2503=DIRECTION('',(-0.5,0.,0.866025403784439));
#2504=DIRECTION('',(-0.612372435695795,-0.707106781186547,-0.353553390593274));
#2505=DIRECTION('',(0.,1.,0.));
#2506=DIRECTION('',(0.,0.,1.));
#2507=DIRECTION('',(0.,0.707106781186546,-0.70710678118655));
#2508=DIRECTION('',(-1.,0.,0.));
#2509=DIRECTION('',(0.,-0.70710678118655,-0.707106781186546));
#2510=DIRECTION('',(0.,0.70710678118655,0.707106781186546));
#2511=DIRECTION('',(0.,-1.,0.));
#2512=DIRECTION('',(0.,0.,-1.));
#2513=DIRECTION('',(0.612372435695793,0.707106781186549,0.353553390593275));
#2514=DIRECTION('',(0.,-1.,0.));
#2515=DIRECTION('',(0.,0.,-1.));
#2516=DIRECTION('',(0.612372435695793,-0.707106781186549,-0.353553390593275));
#2517=DIRECTION('',(-0.612372435695795,0.707106781186547,-0.353553390593275));
#2518=DIRECTION('',(-0.5,0.,0.866025403784439));
#2519=DIRECTION('',(0.612372435695795,0.707106781186547,0.353553390593275));
#2520=DIRECTION('',(0.612372435695794,0.707106781186548,-0.353553390593274));
#2521=DIRECTION('',(-0.5,0.,-0.866025403784439));
#2522=DIRECTION('',(0.612372435695794,-0.707106781186548,-0.353553390593274));
#2523=DIRECTION('',(0.,-1.,0.));
#2524=DIRECTION('',(0.,0.,-1.));
#2525=DIRECTION('',(0.,0.707106781186547,-0.707106781186548));
#2526=DIRECTION('',(0.,-1.,0.));
#2527=DIRECTION('',(0.,0.,-1.));
#2528=DIRECTION('',(0.,-0.707106781186547,0.707106781186548));
#2529=DIRECTION('',(0.,0.707106781186551,0.707106781186545));
#2530=DIRECTION('',(1.,0.,0.));
#2531=DIRECTION('',(0.,1.,0.));
#2532=DIRECTION('',(0.,0.,1.));
#2533=DIRECTION('',(0.612372435695793,-0.707106781186548,0.353553390593275));
#2534=DIRECTION('',(0.612372435695795,0.707106781186547,0.353553390593275));
#2535=DIRECTION('',(0.5,0.,-0.866025403784439));
#2536=DIRECTION('',(0.612372435695793,-0.707106781186548,0.353553390593275));
#2537=DIRECTION('',(0.,1.,0.));
#2538=DIRECTION('',(0.,0.,1.));
#2539=DIRECTION('',(0.,-0.70710678118655,0.707106781186546));
#2540=DIRECTION('',(0.,0.707106781186546,0.70710678118655));
#2541=DIRECTION('',(1.,0.,0.));
#2542=DIRECTION('',(0.,-0.70710678118655,0.707106781186546));
#2543=DIRECTION('',(0.,1.,0.));
#2544=DIRECTION('',(0.,0.,1.));
#2545=DIRECTION('',(-0.612372435695793,-0.707106781186549,0.353553390593275));
#2546=DIRECTION('',(-0.612372435695794,0.707106781186548,0.353553390593274));
#2547=DIRECTION('',(0.5,0.,0.866025403784439));
#2548=DIRECTION('',(-0.612372435695795,-0.707106781186547,0.353553390593274));
#2549=DIRECTION('',(0.,1.,0.));
#2550=DIRECTION('',(0.,0.,1.));
#2551=DIRECTION('',(0.,0.,1.));
#2552=DIRECTION('',(1.,0.,0.));
#2553=DIRECTION('',(0.707106781186547,-0.707106781186548,-1.88713035899492E-16));
#2554=DIRECTION('',(2.66880534765662E-16,0.,1.));
#2555=DIRECTION('',(-0.577350269189626,-0.577350269189625,-0.577350269189626));
#2556=DIRECTION('',(0.577350269189626,0.577350269189625,-0.577350269189626));
#2557=DIRECTION('',(0.,0.707106781186548,0.707106781186547));
#2558=DIRECTION('',(1.,0.,0.));
#2559=DIRECTION('',(0.577350269189626,-0.577350269189625,0.577350269189626));
#2560=DIRECTION('',(1.91661677085421E-16,-0.707106781186549,0.707106781186547));
#2561=DIRECTION('',(-1.,0.,2.71050543121376E-16));
#2562=DIRECTION('',(0.577350269189626,-0.577350269189625,-0.577350269189627));
#2563=DIRECTION('',(0.707106781186547,0.707106781186548,-1.47432059296478E-16));
#2564=DIRECTION('',(-2.08500417785674E-16,0.,-1.));
#2565=DIRECTION('',(0.,1.,0.));
#2566=DIRECTION('',(0.,0.,1.));
#2567=DIRECTION('',(0.,-1.,0.));
#2568=DIRECTION('',(0.,0.,-1.));
#2569=DIRECTION('',(0.,-1.,0.));
#2570=DIRECTION('',(0.,0.,-1.));
#2571=DIRECTION('',(0.,1.,0.));
#2572=DIRECTION('',(0.,0.,1.));
#2573=DIRECTION('',(0.,-1.,0.));
#2574=DIRECTION('',(0.,0.,-1.));
#2575=DIRECTION('',(0.,-1.,0.));
#2576=DIRECTION('',(0.,0.,-1.));
#2577=DIRECTION('',(0.,1.,0.));
#2578=DIRECTION('',(0.,0.,1.));
#2579=DIRECTION('',(0.,-1.,0.));
#2580=DIRECTION('',(0.,0.,-1.));
#2581=DIRECTION('',(0.,-1.,0.));
#2582=DIRECTION('',(0.,0.,-1.));
#2583=DIRECTION('',(0.,1.,0.));
#2584=DIRECTION('',(0.,0.,1.));
#2585=DIRECTION('',(0.,-1.,0.));
#2586=DIRECTION('',(0.,0.,-1.));
#2587=DIRECTION('',(0.,-1.,0.));
#2588=DIRECTION('',(0.,0.,-1.));
#2589=DIRECTION('',(0.,1.,0.));
#2590=DIRECTION('',(0.,0.,1.));
#2591=DIRECTION('',(0.,-1.,0.));
#2592=DIRECTION('',(0.,0.,-1.));
#2593=DIRECTION('',(0.,-1.,0.));
#2594=DIRECTION('',(0.,0.,-1.));
#2595=DIRECTION('',(0.,1.,0.));
#2596=DIRECTION('',(0.,0.,1.));
#2597=DIRECTION('',(0.,-1.,0.));
#2598=DIRECTION('',(0.,0.,-1.));
#2599=DIRECTION('',(0.,-1.,0.));
#2600=DIRECTION('',(0.,0.,-1.));
#2601=DIRECTION('',(0.,1.,0.));
#2602=DIRECTION('',(0.,0.,1.));
#2603=DIRECTION('',(0.,-1.,0.));
#2604=DIRECTION('',(0.,0.,-1.));
#2605=DIRECTION('',(0.,-1.,0.));
#2606=DIRECTION('',(0.,0.,-1.));
#2607=DIRECTION('',(0.,1.,0.));
#2608=DIRECTION('',(0.,0.,1.));
#2609=DIRECTION('',(0.,-1.,0.));
#2610=DIRECTION('',(0.,0.,-1.));
#2611=DIRECTION('',(0.,-1.,0.));
#2612=DIRECTION('',(0.,0.,-1.));
#2613=CARTESIAN_POINT('',(0.,0.,0.));
#2614=CARTESIAN_POINT('',(0.0075,0.027,0.01275));
#2615=CARTESIAN_POINT('',(0.0075,0.0065,0.01275));
#2616=CARTESIAN_POINT('',(0.0075,0.0065,0.02625));
#2617=CARTESIAN_POINT('',(0.0075,0.0065,-0.000749999999999987));
#2618=CARTESIAN_POINT('',(0.0075,0.027,0.02625));
#2619=CARTESIAN_POINT('',(0.0075,0.002,0.02625));
#2620=CARTESIAN_POINT('',(0.0075,0.002,0.01275));
#2621=CARTESIAN_POINT('',(0.0075,0.002,-0.000749999999999987));
#2622=CARTESIAN_POINT('',(0.0075,0.027,-0.000749999999999987));
#2623=CARTESIAN_POINT('',(0.00475,0.027,-0.000749999999999985));
#2624=CARTESIAN_POINT('',(0.002,0.027,-0.00074999999999998));
#2625=CARTESIAN_POINT('',(0.002,0.0065,-0.00074999999999998));
#2626=CARTESIAN_POINT('',(0.002,0.002,-0.00074999999999998));
#2627=CARTESIAN_POINT('',(0.00475,0.0065,-0.000749999999999985));
#2628=CARTESIAN_POINT('',(0.00475,0.002,-0.000749999999999985));
#2629=CARTESIAN_POINT('',(0.002,0.027,0.01275));
#2630=CARTESIAN_POINT('',(0.002,0.027,0.02625));
#2631=CARTESIAN_POINT('',(0.002,0.0065,0.02625));
#2632=CARTESIAN_POINT('',(0.002,0.002,0.02625));
#2633=CARTESIAN_POINT('',(0.002,0.0065,0.01275));
#2634=CARTESIAN_POINT('',(0.002,0.002,0.01275));
#2635=CARTESIAN_POINT('',(0.00475,0.027,0.02625));
#2636=CARTESIAN_POINT('',(0.00475,0.0065,0.02625));
#2637=CARTESIAN_POINT('',(0.00475,0.002,0.02625));
#2638=CARTESIAN_POINT('',(-0.00975,0.027,-0.00925));
#2639=CARTESIAN_POINT('',(-0.00975,0.006,-0.00925));
#2640=CARTESIAN_POINT('',(-0.0215,0.006,-0.00925));
#2641=CARTESIAN_POINT('',(0.002,0.006,-0.00925));
#2642=CARTESIAN_POINT('',(-0.0215,0.027,-0.00925));
#2643=CARTESIAN_POINT('',(-0.0215,0.002,-0.00925));
#2644=CARTESIAN_POINT('',(-0.00975,0.002,-0.00925));
#2645=CARTESIAN_POINT('',(0.002,0.002,-0.00925));
#2646=CARTESIAN_POINT('',(0.002,0.027,-0.00925));
#2647=CARTESIAN_POINT('',(0.002,0.027,-0.01025));
#2648=CARTESIAN_POINT('',(0.002,0.006,-0.01025));
#2649=CARTESIAN_POINT('',(0.002,0.006,-0.01125));
#2650=CARTESIAN_POINT('',(0.002,0.002,-0.01025));
#2651=CARTESIAN_POINT('',(0.002,0.002,-0.01125));
#2652=CARTESIAN_POINT('',(0.002,0.027,-0.01125));
#2653=CARTESIAN_POINT('',(-0.00975,0.027,-0.01125));
#2654=CARTESIAN_POINT('',(-0.00975,0.006,-0.01125));
#2655=CARTESIAN_POINT('',(-0.0215,0.006,-0.01125));
#2656=CARTESIAN_POINT('',(-0.00975,0.002,-0.01125));
#2657=CARTESIAN_POINT('',(-0.0215,0.002,-0.01125));
#2658=CARTESIAN_POINT('',(-0.0215,0.027,-0.01125));
#2659=CARTESIAN_POINT('',(3.46944695195361E-18,0.014,-0.0075));
#2660=CARTESIAN_POINT('',(0.0275,0.014,0.));
#2661=CARTESIAN_POINT('',(0.0275,0.014,0.04325));
#2662=CARTESIAN_POINT('',(0.0275,0.014,-0.04325));
#2663=CARTESIAN_POINT('',(0.0265,0.014,-0.04425));
#2664=CARTESIAN_POINT('',(0.0265,0.014,-0.04425));
#2665=CARTESIAN_POINT('',(-0.0235235026918963,0.014,-0.04425));
#2666=CARTESIAN_POINT('',(-0.0265,0.014,-0.04425));
#2667=CARTESIAN_POINT('',(-0.0275,0.014,-0.04325));
#2668=CARTESIAN_POINT('',(-0.0275,0.014,-0.04325));
#2669=CARTESIAN_POINT('',(-0.0275,0.014,0.));
#2670=CARTESIAN_POINT('',(-0.0275,0.014,0.04325));
#2671=CARTESIAN_POINT('',(-0.0265,0.014,0.04425));
#2672=CARTESIAN_POINT('',(-0.0265,0.014,0.04425));
#2673=CARTESIAN_POINT('',(-0.021125,0.014,0.04425));
#2674=CARTESIAN_POINT('',(0.0265,0.014,0.04425));
#2675=CARTESIAN_POINT('',(0.0275,0.014,0.04325));
#2676=CARTESIAN_POINT('',(3.46944695195361E-18,0.014,0.04225));
#2677=CARTESIAN_POINT('',(-0.0215,0.014,0.04225));
#2678=CARTESIAN_POINT('',(0.0215,0.014,0.04225));
#2679=CARTESIAN_POINT('',(-0.0215,0.014,-0.0075));
#2680=CARTESIAN_POINT('',(-0.0215,0.014,-0.04125));
#2681=CARTESIAN_POINT('',(8.91567181839243E-18,0.014,-0.04125));
#2682=CARTESIAN_POINT('',(0.0215,0.014,-0.04125));
#2683=CARTESIAN_POINT('',(0.0215,0.014,-0.0075));
#2684=CARTESIAN_POINT('',(0.0215,0.014,-0.000749999999999983));
#2685=CARTESIAN_POINT('',(3.46944695195361E-18,0.014,-0.000749999999999985));
#2686=CARTESIAN_POINT('',(0.0225,0.014,-0.00074999999999998));
#2687=CARTESIAN_POINT('',(0.0225,0.014,-0.0075));
#2688=CARTESIAN_POINT('',(0.0225,0.014,0.02625));
#2689=CARTESIAN_POINT('',(3.46944695195361E-18,0.014,0.02625));
#2690=CARTESIAN_POINT('',(0.0215,0.014,0.02625));
#2691=CARTESIAN_POINT('',(0.0215,0.014,-0.0075));
#2692=CARTESIAN_POINT('',(0.0235,0.014,-0.04025));
#2693=CARTESIAN_POINT('',(0.0235,0.014,-0.04105));
#2694=CARTESIAN_POINT('',(0.0235,0.014,-0.004));
#2695=CARTESIAN_POINT('',(0.0235,0.014,-0.0048));
#2696=CARTESIAN_POINT('',(0.0235,0.014,0.04025));
#2697=CARTESIAN_POINT('',(0.0235,0.014,0.03945));
#2698=CARTESIAN_POINT('',(-0.0235,0.014,0.04025));
#2699=CARTESIAN_POINT('',(-0.0235,0.014,0.03945));
#2700=CARTESIAN_POINT('',(-0.0235,0.014,-0.004));
#2701=CARTESIAN_POINT('',(-0.0235,0.014,-0.0048));
#2702=CARTESIAN_POINT('',(-0.0235,0.014,-0.04025));
#2703=CARTESIAN_POINT('',(-0.0235,0.014,-0.04105));
#2704=CARTESIAN_POINT('',(-0.01775,0.014,0.02025));
#2705=CARTESIAN_POINT('',(-0.01775,0.014,0.03325));
#2706=CARTESIAN_POINT('',(-0.01775,0.002,0.03325));
#2707=CARTESIAN_POINT('',(-0.01775,0.001,0.03325));
#2708=CARTESIAN_POINT('',(-0.01775,0.001,0.00725));
#2709=CARTESIAN_POINT('',(-0.01775,0.001,0.00725));
#2710=CARTESIAN_POINT('',(-0.01775,0.014,0.00725));
#2711=CARTESIAN_POINT('',(-0.01775,0.002,0.00725));
#2712=CARTESIAN_POINT('',(-0.01775,0.002,0.02025));
#2713=CARTESIAN_POINT('',(-0.00975,0.014,0.03325));
#2714=CARTESIAN_POINT('',(-0.00175,0.014,0.03325));
#2715=CARTESIAN_POINT('',(-0.00175,0.002,0.03325));
#2716=CARTESIAN_POINT('',(-0.00175,0.001,0.03325));
#2717=CARTESIAN_POINT('',(-0.00975,0.001,0.03325));
#2718=CARTESIAN_POINT('',(-0.00975,0.002,0.03325));
#2719=CARTESIAN_POINT('',(-0.00175,0.014,0.02025));
#2720=CARTESIAN_POINT('',(-0.00175,0.014,0.00725));
#2721=CARTESIAN_POINT('',(-0.00175,0.002,0.00725));
#2722=CARTESIAN_POINT('',(-0.00175,0.001,0.00725));
#2723=CARTESIAN_POINT('',(-0.00175,0.001,0.02025));
#2724=CARTESIAN_POINT('',(-0.00175,0.002,0.02025));
#2725=CARTESIAN_POINT('',(0.0275,0.014,0.));
#2726=CARTESIAN_POINT('',(0.0275,0.001,-0.04425));
#2727=CARTESIAN_POINT('',(0.0275,0.001,0.04325));
#2728=CARTESIAN_POINT('',(0.0275,0.001,-0.04325));
#2729=CARTESIAN_POINT('',(0.0275,0.014,-0.04325));
#2730=CARTESIAN_POINT('',(0.0275,0.014,0.04325));
#2731=CARTESIAN_POINT('',(-0.021125,0.014,0.04425));
#2732=CARTESIAN_POINT('',(0.0145,0.006,0.04425));
#2733=CARTESIAN_POINT('',(0.0102,0.006,0.04425));
#2734=CARTESIAN_POINT('',(-0.01475,0.007,0.04425));
#2735=CARTESIAN_POINT('',(-0.01475,0.007,0.04425));
#2736=CARTESIAN_POINT('',(-0.01475,0.003,0.04425));
#2737=CARTESIAN_POINT('',(-0.00975,0.007,0.04425));
#2738=CARTESIAN_POINT('',(-0.00475,0.007,0.04425));
#2739=CARTESIAN_POINT('',(-0.00475,0.007,0.04425));
#2740=CARTESIAN_POINT('',(-0.00475,0.003,0.04425));
#2741=CARTESIAN_POINT('',(-0.00975,0.003,0.04425));
#2742=CARTESIAN_POINT('',(0.0275,0.001,0.04425));
#2743=CARTESIAN_POINT('',(-0.0265,0.001,0.04425));
#2744=CARTESIAN_POINT('',(0.0265,0.001,0.04425));
#2745=CARTESIAN_POINT('',(0.0265,0.014,0.04425));
#2746=CARTESIAN_POINT('',(-0.0265,0.,0.04425));
#2747=CARTESIAN_POINT('',(-0.0275,0.014,0.));
#2748=CARTESIAN_POINT('',(-0.0275,0.014,-0.04325));
#2749=CARTESIAN_POINT('',(-0.0275,0.001,-0.04325));
#2750=CARTESIAN_POINT('',(-0.0275,0.001,0.));
#2751=CARTESIAN_POINT('',(-0.0275,0.001,0.04325));
#2752=CARTESIAN_POINT('',(-0.0275,0.014,0.04325));
#2753=CARTESIAN_POINT('',(-0.0235235026918963,0.014,-0.04425));
#2754=CARTESIAN_POINT('',(0.0103094010767585,0.,-0.04425));
#2755=CARTESIAN_POINT('',(0.0103094010767585,0.005,-0.04425));
#2756=CARTESIAN_POINT('',(0.0103094010767585,0.001,-0.04425));
#2757=CARTESIAN_POINT('',(-0.0235235026918963,0.001,-0.04425));
#2758=CARTESIAN_POINT('',(-0.0103094010767585,0.001,-0.04425));
#2759=CARTESIAN_POINT('',(-0.0103094010767585,0.006,-0.04425));
#2760=CARTESIAN_POINT('',(-0.0103094010767585,0.005,-0.04425));
#2761=CARTESIAN_POINT('',(-0.0103094010767585,0.005,-0.04425));
#2762=CARTESIAN_POINT('',(-0.0107314209238918,0.005,-0.04425));
#2763=CARTESIAN_POINT('',(-0.0115350722065011,0.00528282101236834,-0.04425));
#2764=CARTESIAN_POINT('',(-0.0122123824774661,0.00575173192396663,-0.04425));
#2765=CARTESIAN_POINT('',(-0.0125454690542583,0.006,-0.04425));
#2766=CARTESIAN_POINT('',(-0.0125454690542583,0.006,-0.04425));
#2767=CARTESIAN_POINT('',(-0.0166602540378444,0.006,-0.04425));
#2768=CARTESIAN_POINT('',(-0.018465637944672,0.006,-0.04425));
#2769=CARTESIAN_POINT('',(-0.018465637944672,0.006,-0.04425));
#2770=CARTESIAN_POINT('',(-0.0187986839308678,0.00575176217841095,-0.04425));
#2771=CARTESIAN_POINT('',(-0.0194755535859097,0.00528309004491147,-0.04425));
#2772=CARTESIAN_POINT('',(-0.0202795805334785,0.005,-0.04425));
#2773=CARTESIAN_POINT('',(-0.0207017059221717,0.005,-0.04425));
#2774=CARTESIAN_POINT('',(-0.0207017059221717,0.005,-0.04425));
#2775=CARTESIAN_POINT('',(-0.0207017059221717,0.,-0.04425));
#2776=CARTESIAN_POINT('',(-0.0207017059221717,0.001,-0.04425));
#2777=CARTESIAN_POINT('',(-0.0235235026918963,0.001,-0.04425));
#2778=CARTESIAN_POINT('',(-0.0265,0.001,-0.04425));
#2779=CARTESIAN_POINT('',(-0.0265,0.014,-0.04425));
#2780=CARTESIAN_POINT('',(0.0265,0.,-0.04425));
#2781=CARTESIAN_POINT('',(0.0265,0.001,-0.04425));
#2782=CARTESIAN_POINT('',(-0.0235235026918963,0.001,-0.04425));
#2783=CARTESIAN_POINT('',(0.0207017059221717,0.001,-0.04425));
#2784=CARTESIAN_POINT('',(0.0207017059221717,0.006,-0.04425));
#2785=CARTESIAN_POINT('',(0.0207017059221717,0.005,-0.04425));
#2786=CARTESIAN_POINT('',(0.0207017059221717,0.005,-0.04425));
#2787=CARTESIAN_POINT('',(0.0202796860750384,0.005,-0.04425));
#2788=CARTESIAN_POINT('',(0.0194760347924292,0.00528282101236833,-0.04425));
#2789=CARTESIAN_POINT('',(0.0187987245214642,0.00575173192396663,-0.04425));
#2790=CARTESIAN_POINT('',(0.018465637944672,0.006,-0.04425));
#2791=CARTESIAN_POINT('',(0.018465637944672,0.006,-0.04425));
#2792=CARTESIAN_POINT('',(0.0166602540378444,0.006,-0.04425));
#2793=CARTESIAN_POINT('',(0.0125454690542583,0.006,-0.04425));
#2794=CARTESIAN_POINT('',(0.0125454690542583,0.006,-0.04425));
#2795=CARTESIAN_POINT('',(0.0122124230680625,0.00575176217841094,-0.04425));
#2796=CARTESIAN_POINT('',(0.0115355534130206,0.00528309004491148,-0.04425));
#2797=CARTESIAN_POINT('',(0.0107315264654518,0.005,-0.04425));
#2798=CARTESIAN_POINT('',(0.0103094010767585,0.005,-0.04425));
#2799=CARTESIAN_POINT('',(-0.00975,0.014,0.00725));
#2800=CARTESIAN_POINT('',(-0.00175,0.001,0.00725));
#2801=CARTESIAN_POINT('',(-0.00975,0.002,0.00725));
#2802=CARTESIAN_POINT('',(3.46944695195361E-18,0.,-0.0075));
#2803=CARTESIAN_POINT('',(-0.0103094010767585,0.,-0.04625));
#2804=CARTESIAN_POINT('',(-0.0129074772881118,0.,-0.04775));
#2805=CARTESIAN_POINT('',(-0.0103094010767585,0.,-0.04325));
#2806=CARTESIAN_POINT('',(3.46944695195361E-18,0.,-0.04325));
#2807=CARTESIAN_POINT('',(0.0103094010767585,0.,-0.04325));
#2808=CARTESIAN_POINT('',(0.0103094010767585,0.,-0.04625));
#2809=CARTESIAN_POINT('',(0.0129074772881118,0.,-0.04775));
#2810=CARTESIAN_POINT('',(0.0271093692172457,0.,-0.0231516016151377));
#2811=CARTESIAN_POINT('',(0.00944337567297406,0.,-0.05375));
#2812=CARTESIAN_POINT('',(0.00684529946162074,0.,-0.05225));
#2813=CARTESIAN_POINT('',(0.00684529946162074,0.,-0.05525));
#2814=CARTESIAN_POINT('',(3.46944695195361E-18,0.,-0.05525));
#2815=CARTESIAN_POINT('',(-0.00684529946162074,0.,-0.05525));
#2816=CARTESIAN_POINT('',(-0.00684529946162074,0.,-0.05225));
#2817=CARTESIAN_POINT('',(-0.00944337567297406,0.,-0.05375));
#2818=CARTESIAN_POINT('',(-0.0271093692172457,0.,-0.0231516016151377));
#2819=CARTESIAN_POINT('',(0.0207017059221717,0.,-0.04625));
#2820=CARTESIAN_POINT('',(0.0181036297108184,0.,-0.04475));
#2821=CARTESIAN_POINT('',(0.0207017059221717,0.,-0.04325));
#2822=CARTESIAN_POINT('',(3.46944695195361E-18,0.,-0.04325));
#2823=CARTESIAN_POINT('',(0.0265,0.,-0.04325));
#2824=CARTESIAN_POINT('',(0.0265,0.,0.04425));
#2825=CARTESIAN_POINT('',(0.0265,0.,0.04325));
#2826=CARTESIAN_POINT('',(-0.0275,0.,0.04325));
#2827=CARTESIAN_POINT('',(-0.0265,0.,0.04325));
#2828=CARTESIAN_POINT('',(-0.0265,0.,-0.0075));
#2829=CARTESIAN_POINT('',(-0.0265,0.,-0.04325));
#2830=CARTESIAN_POINT('',(3.46944695195361E-18,0.,-0.04325));
#2831=CARTESIAN_POINT('',(-0.0207017059221717,0.,-0.04325));
#2832=CARTESIAN_POINT('',(-0.0207017059221717,0.,-0.04625));
#2833=CARTESIAN_POINT('',(-0.0181036297108184,0.,-0.04475));
#2834=CARTESIAN_POINT('',(-0.0297074454285991,0.,-0.0246516016151377));
#2835=CARTESIAN_POINT('',(-0.0114641016151377,0.,-0.05625));
#2836=CARTESIAN_POINT('',(-0.008,0.,-0.05425));
#2837=CARTESIAN_POINT('',(-0.008,0.,-0.05825));
#2838=CARTESIAN_POINT('',(3.46944695195361E-18,0.,-0.05825));
#2839=CARTESIAN_POINT('',(0.008,0.,-0.05825));
#2840=CARTESIAN_POINT('',(0.008,0.,-0.05425));
#2841=CARTESIAN_POINT('',(0.0114641016151377,0.,-0.05625));
#2842=CARTESIAN_POINT('',(0.029707445428599,0.,-0.0246516016151377));
#2843=CARTESIAN_POINT('',(3.46944695195361E-18,0.,0.03425));
#2844=CARTESIAN_POINT('',(-0.01875,0.,0.03425));
#2845=CARTESIAN_POINT('',(-0.000749999999999984,0.,0.03425));
#2846=CARTESIAN_POINT('',(-0.00075,0.,-0.0075));
#2847=CARTESIAN_POINT('',(-0.00074999999999999,0.,0.00625));
#2848=CARTESIAN_POINT('',(-0.01775,0.,0.00625));
#2849=CARTESIAN_POINT('',(-0.01875,0.,0.00625));
#2850=CARTESIAN_POINT('',(-0.01875,0.,0.03325));
#2851=CARTESIAN_POINT('',(0.0145,0.,0.01625));
#2852=CARTESIAN_POINT('',(0.0145,0.,0.01995));
#2853=CARTESIAN_POINT('',(3.46944695195361E-18,0.002,-0.0075));
#2854=CARTESIAN_POINT('',(0.0145,0.002,0.02225));
#2855=CARTESIAN_POINT('',(0.0145,0.002,0.02105));
#2856=CARTESIAN_POINT('',(0.0145,0.002,0.01625));
#2857=CARTESIAN_POINT('',(0.0145,0.002,0.01255));
#2858=CARTESIAN_POINT('',(0.0215,0.002,-0.02625));
#2859=CARTESIAN_POINT('',(0.0215,0.002,-0.04125));
#2860=CARTESIAN_POINT('',(0.0215,0.002,-0.000749999999999983));
#2861=CARTESIAN_POINT('',(-3.46944695195361E-18,0.002,-0.04125));
#2862=CARTESIAN_POINT('',(-0.0215,0.002,-0.04125));
#2863=CARTESIAN_POINT('',(-0.0215,0.002,-0.02625));
#2864=CARTESIAN_POINT('',(-0.0215,0.002,0.0165));
#2865=CARTESIAN_POINT('',(-0.0215,0.002,0.04225));
#2866=CARTESIAN_POINT('',(-0.001375,0.002,0.04225));
#2867=CARTESIAN_POINT('',(0.0215,0.002,0.04225));
#2868=CARTESIAN_POINT('',(0.0215,0.002,0.02725));
#2869=CARTESIAN_POINT('',(0.0215,0.002,0.02625));
#2870=CARTESIAN_POINT('',(0.022,0.002,0.02625));
#2871=CARTESIAN_POINT('',(0.0225,0.002,0.02625));
#2872=CARTESIAN_POINT('',(0.0225,0.002,0.01275));
#2873=CARTESIAN_POINT('',(0.0225,0.002,-0.00074999999999998));
#2874=CARTESIAN_POINT('',(0.022,0.002,-0.000749999999999985));
#2875=CARTESIAN_POINT('',(0.0215,0.027,-0.02625));
#2876=CARTESIAN_POINT('',(0.0215,0.027,-0.04125));
#2877=CARTESIAN_POINT('',(0.0215,0.027,-0.000749999999999983));
#2878=CARTESIAN_POINT('',(0.022,0.027,-0.000749999999999985));
#2879=CARTESIAN_POINT('',(0.0225,0.027,-0.00074999999999998));
#2880=CARTESIAN_POINT('',(0.0225,0.027,0.01275));
#2881=CARTESIAN_POINT('',(0.0225,0.027,0.02625));
#2882=CARTESIAN_POINT('',(0.022,0.027,0.02625));
#2883=CARTESIAN_POINT('',(0.0215,0.027,0.02625));
#2884=CARTESIAN_POINT('',(0.0215,0.027,0.02725));
#2885=CARTESIAN_POINT('',(0.0215,0.027,0.04225));
#2886=CARTESIAN_POINT('',(-0.001375,0.027,0.04225));
#2887=CARTESIAN_POINT('',(0.0145,0.006,0.04225));
#2888=CARTESIAN_POINT('',(0.0112,0.006,0.04225));
#2889=CARTESIAN_POINT('',(-0.00975,0.007,0.04225));
#2890=CARTESIAN_POINT('',(-0.01475,0.007,0.04225));
#2891=CARTESIAN_POINT('',(-0.00475,0.007,0.04225));
#2892=CARTESIAN_POINT('',(-0.01475,0.007,0.04225));
#2893=CARTESIAN_POINT('',(-0.01475,0.003,0.04225));
#2894=CARTESIAN_POINT('',(-0.00975,0.003,0.04225));
#2895=CARTESIAN_POINT('',(-0.00475,0.003,0.04225));
#2896=CARTESIAN_POINT('',(-0.00475,0.007,0.04225));
#2897=CARTESIAN_POINT('',(-0.0215,0.027,0.04225));
#2898=CARTESIAN_POINT('',(-0.0215,0.027,0.0165));
#2899=CARTESIAN_POINT('',(-0.0215,0.006,-0.01025));
#2900=CARTESIAN_POINT('',(-0.0215,0.027,-0.04125));
#2901=CARTESIAN_POINT('',(-3.46944695195361E-18,0.027,-0.04125));
#2902=CARTESIAN_POINT('',(3.46944695195361E-18,0.006,-0.0075));
#2903=CARTESIAN_POINT('',(3.46944695195361E-18,0.0065,-0.0075));
#2904=CARTESIAN_POINT('',(0.005,0.0065,0.021));
#2905=CARTESIAN_POINT('',(0.005,0.0065,0.020125));
#2906=CARTESIAN_POINT('',(0.005,0.0065,0.0045));
#2907=CARTESIAN_POINT('',(0.005,0.0065,0.003625));
#2908=CARTESIAN_POINT('',(0.0145,0.,0.01625));
#2909=CARTESIAN_POINT('',(-0.01475,0.007,0.04325));
#2910=CARTESIAN_POINT('',(-0.01475,0.003,0.04325));
#2911=CARTESIAN_POINT('',(-0.01475,0.007,0.04325));
#2912=CARTESIAN_POINT('',(-0.00475,0.007,0.04325));
#2913=CARTESIAN_POINT('',(-0.00475,0.003,0.04325));
#2914=CARTESIAN_POINT('',(-0.00475,0.007,0.04325));
#2915=CARTESIAN_POINT('',(3.46944695195361E-18,0.007,-0.0075));
#2916=CARTESIAN_POINT('',(3.46944695195361E-18,0.003,-0.0075));
#2917=CARTESIAN_POINT('',(0.0108867513459481,0.006,-0.04925));
#2918=CARTESIAN_POINT('',(0.00857735026918962,0.,-0.05325));
#2919=CARTESIAN_POINT('',(0.00857735026918962,0.005,-0.05325));
#2920=CARTESIAN_POINT('',(0.00857735026918962,0.001,-0.05325));
#2921=CARTESIAN_POINT('',(0.0108867513459481,0.001,-0.04925));
#2922=CARTESIAN_POINT('',(0.0120414518843274,0.001,-0.04725));
#2923=CARTESIAN_POINT('',(0.0120414518843274,0.006,-0.04725));
#2924=CARTESIAN_POINT('',(0.0120414518843274,0.005,-0.04725));
#2925=CARTESIAN_POINT('',(0.00857735026918962,0.005,-0.05325));
#2926=CARTESIAN_POINT('',(0.,0.006,-0.05425));
#2927=CARTESIAN_POINT('',(-0.00684529946162074,0.,-0.05425));
#2928=CARTESIAN_POINT('',(-0.00684529946162074,0.005,-0.05425));
#2929=CARTESIAN_POINT('',(-0.00684529946162074,0.001,-0.05425));
#2930=CARTESIAN_POINT('',(0.,0.001,-0.05425));
#2931=CARTESIAN_POINT('',(0.00684529946162074,0.001,-0.05425));
#2932=CARTESIAN_POINT('',(0.00684529946162074,0.006,-0.05425));
#2933=CARTESIAN_POINT('',(0.00684529946162074,0.005,-0.05425));
#2934=CARTESIAN_POINT('',(-0.00684529946162074,0.005,-0.05425));
#2935=CARTESIAN_POINT('',(-0.0108867513459481,0.006,-0.04925));
#2936=CARTESIAN_POINT('',(-0.0120414518843274,0.,-0.04725));
#2937=CARTESIAN_POINT('',(-0.0120414518843274,0.005,-0.04725));
#2938=CARTESIAN_POINT('',(-0.0120414518843274,0.001,-0.04725));
#2939=CARTESIAN_POINT('',(-0.0108867513459481,0.001,-0.04925));
#2940=CARTESIAN_POINT('',(-0.00857735026918962,0.001,-0.05325));
#2941=CARTESIAN_POINT('',(-0.00857735026918962,0.006,-0.05325));
#2942=CARTESIAN_POINT('',(-0.00857735026918962,0.005,-0.05325));
#2943=CARTESIAN_POINT('',(-0.0120414518843274,0.005,-0.04725));
#2944=CARTESIAN_POINT('',(-0.0152168783648704,0.006,-0.05175));
#2945=CARTESIAN_POINT('',(-0.0123301270189222,0.006,-0.05675));
#2946=CARTESIAN_POINT('',(-0.0123301270189222,0.005,-0.05675));
#2947=CARTESIAN_POINT('',(-0.0123301270189222,0.001,-0.05675));
#2948=CARTESIAN_POINT('',(-0.0152168783648704,0.001,-0.05175));
#2949=CARTESIAN_POINT('',(-0.0189696551146029,0.001,-0.04525));
#2950=CARTESIAN_POINT('',(-0.0189696551146029,0.006,-0.04525));
#2951=CARTESIAN_POINT('',(-0.0189696551146029,0.005,-0.04525));
#2952=CARTESIAN_POINT('',(-0.0123301270189222,0.005,-0.05675));
#2953=CARTESIAN_POINT('',(0.,0.006,-0.05925));
#2954=CARTESIAN_POINT('',(0.008,0.006,-0.05925));
#2955=CARTESIAN_POINT('',(0.008,0.005,-0.05925));
#2956=CARTESIAN_POINT('',(0.008,0.001,-0.05925));
#2957=CARTESIAN_POINT('',(0.,0.001,-0.05925));
#2958=CARTESIAN_POINT('',(-0.008,0.001,-0.05925));
#2959=CARTESIAN_POINT('',(-0.008,0.006,-0.05925));
#2960=CARTESIAN_POINT('',(-0.008,0.005,-0.05925));
#2961=CARTESIAN_POINT('',(0.008,0.005,-0.05925));
#2962=CARTESIAN_POINT('',(0.0152168783648704,0.006,-0.05175));
#2963=CARTESIAN_POINT('',(0.0189696551146029,0.,-0.04525));
#2964=CARTESIAN_POINT('',(0.0189696551146029,0.005,-0.04525));
#2965=CARTESIAN_POINT('',(0.0189696551146029,0.001,-0.04525));
#2966=CARTESIAN_POINT('',(0.0152168783648704,0.001,-0.05175));
#2967=CARTESIAN_POINT('',(0.0123301270189222,0.001,-0.05675));
#2968=CARTESIAN_POINT('',(0.0123301270189222,0.006,-0.05675));
#2969=CARTESIAN_POINT('',(0.0123301270189222,0.005,-0.05675));
#2970=CARTESIAN_POINT('',(0.0189696551146029,0.005,-0.04525));
#2971=CARTESIAN_POINT('',(3.46944695195361E-18,0.006,-0.0075));
#2972=CARTESIAN_POINT('',(-0.0181036297108184,0.006,-0.04475));
#2973=CARTESIAN_POINT('',(-0.0114641016151377,0.006,-0.05625));
#2974=CARTESIAN_POINT('',(-0.0181036297108184,0.006,-0.04475));
#2975=CARTESIAN_POINT('',(-0.0207017059221717,0.006,-0.04625));
#2976=CARTESIAN_POINT('',(-0.0103094010767585,0.006,-0.04625));
#2977=CARTESIAN_POINT('',(-0.0129074772881118,0.006,-0.04775));
#2978=CARTESIAN_POINT('',(-0.00944337567297406,0.006,-0.05375));
#2979=CARTESIAN_POINT('',(-0.00944337567297406,0.006,-0.05375));
#2980=CARTESIAN_POINT('',(-0.00684529946162074,0.006,-0.05225));
#2981=CARTESIAN_POINT('',(-0.00684529946162074,0.006,-0.05525));
#2982=CARTESIAN_POINT('',(0.00684529946162074,0.006,-0.05525));
#2983=CARTESIAN_POINT('',(0.00684529946162074,0.006,-0.05525));
#2984=CARTESIAN_POINT('',(0.00684529946162074,0.006,-0.05225));
#2985=CARTESIAN_POINT('',(0.00944337567297405,0.006,-0.05375));
#2986=CARTESIAN_POINT('',(0.0129074772881118,0.006,-0.04775));
#2987=CARTESIAN_POINT('',(0.0129074772881118,0.006,-0.04775));
#2988=CARTESIAN_POINT('',(0.0103094010767585,0.006,-0.04625));
#2989=CARTESIAN_POINT('',(0.0207017059221717,0.006,-0.04625));
#2990=CARTESIAN_POINT('',(0.0181036297108184,0.006,-0.04475));
#2991=CARTESIAN_POINT('',(0.0114641016151377,0.006,-0.05625));
#2992=CARTESIAN_POINT('',(0.0114641016151377,0.006,-0.05625));
#2993=CARTESIAN_POINT('',(0.008,0.006,-0.05425));
#2994=CARTESIAN_POINT('',(0.008,0.006,-0.05825));
#2995=CARTESIAN_POINT('',(-0.008,0.006,-0.05825));
#2996=CARTESIAN_POINT('',(-0.008,0.006,-0.05825));
#2997=CARTESIAN_POINT('',(-0.008,0.006,-0.05425));
#2998=CARTESIAN_POINT('',(0.0157,0.001,0.02225));
#2999=CARTESIAN_POINT('',(0.0145,0.001,0.02225));
#3000=CARTESIAN_POINT('',(0.0145,0.001,0.02105));
#3001=CARTESIAN_POINT('',(0.0145,0.002,0.02225));
#3002=CARTESIAN_POINT('',(0.0145,0.006,0.04425));
#3003=CARTESIAN_POINT('',(0.0145,0.006,0.04325));
#3004=CARTESIAN_POINT('',(0.0112,0.006,0.04325));
#3005=CARTESIAN_POINT('',(0.0207017059221717,0.006,-0.04625));
#3006=CARTESIAN_POINT('',(0.0207017059221717,0.001,-0.04625));
#3007=CARTESIAN_POINT('',(0.0207017059221717,0.005,-0.04625));
#3008=CARTESIAN_POINT('',(-0.0207017059221717,0.014,-0.04625));
#3009=CARTESIAN_POINT('',(-0.0207017059221717,0.001,-0.04625));
#3010=CARTESIAN_POINT('',(-0.0207017059221717,0.005,-0.04625));
#3011=CARTESIAN_POINT('',(-0.0103094010767585,0.006,-0.04625));
#3012=CARTESIAN_POINT('',(-0.0103094010767585,0.001,-0.04625));
#3013=CARTESIAN_POINT('',(-0.0103094010767585,0.005,-0.04625));
#3014=CARTESIAN_POINT('',(0.0103094010767585,0.014,-0.04625));
#3015=CARTESIAN_POINT('',(0.0103094010767585,0.001,-0.04625));
#3016=CARTESIAN_POINT('',(0.0103094010767585,0.005,-0.04625));
#3017=CARTESIAN_POINT('',(0.00684529946162074,0.006,-0.05225));
#3018=CARTESIAN_POINT('',(0.00684529946162074,0.001,-0.05225));
#3019=CARTESIAN_POINT('',(0.00684529946162074,0.005,-0.05225));
#3020=CARTESIAN_POINT('',(-0.00684529946162074,0.006,-0.05225));
#3021=CARTESIAN_POINT('',(-0.00684529946162074,0.001,-0.05225));
#3022=CARTESIAN_POINT('',(-0.00684529946162074,0.005,-0.05225));
#3023=CARTESIAN_POINT('',(0.008,0.006,-0.05425));
#3024=CARTESIAN_POINT('',(0.008,0.001,-0.05425));
#3025=CARTESIAN_POINT('',(0.008,0.005,-0.05425));
#3026=CARTESIAN_POINT('',(-0.008,0.006,-0.05425));
#3027=CARTESIAN_POINT('',(-0.008,0.001,-0.05425));
#3028=CARTESIAN_POINT('',(-0.008,0.005,-0.05425));
#3029=CARTESIAN_POINT('',(3.46944695195361E-18,0.,-0.04325));
#3030=CARTESIAN_POINT('',(-0.0265,0.001,-0.04425));
#3031=CARTESIAN_POINT('',(-0.0207017059221717,0.,-0.04325));
#3032=CARTESIAN_POINT('',(-0.0275,0.014,-0.04325));
#3033=CARTESIAN_POINT('',(-0.0265,0.001,-0.04425));
#3034=CARTESIAN_POINT('',(-0.0207017059221717,0.,-0.04625));
#3035=CARTESIAN_POINT('',(-0.0181036297108184,0.,-0.04475));
#3036=CARTESIAN_POINT('',(-0.0265,0.001,-0.04425));
#3037=CARTESIAN_POINT('',(-0.027,0.0005,-0.04325));
#3038=CARTESIAN_POINT('',(-0.0297074454285991,0.,-0.0246516016151377));
#3039=CARTESIAN_POINT('',(-0.0114641016151377,0.,-0.05625));
#3040=CARTESIAN_POINT('',(-0.0265,0.,-0.0075));
#3041=CARTESIAN_POINT('',(-0.0275,0.001,0.04325));
#3042=CARTESIAN_POINT('',(-0.0265,0.014,0.04425));
#3043=CARTESIAN_POINT('',(-0.0275,0.001,0.04325));
#3044=CARTESIAN_POINT('',(-0.008,0.,-0.05425));
#3045=CARTESIAN_POINT('',(-0.008,0.,-0.05825));
#3046=CARTESIAN_POINT('',(-0.0275,0.001,0.04325));
#3047=CARTESIAN_POINT('',(-0.0265,0.0005,0.04375));
#3048=CARTESIAN_POINT('',(3.46944695195361E-18,0.,-0.05825));
#3049=CARTESIAN_POINT('',(0.008,0.,-0.05825));
#3050=CARTESIAN_POINT('',(-0.021125,0.001,0.04425));
#3051=CARTESIAN_POINT('',(0.0265,-3.06658683336673E-19,0.04325));
#3052=CARTESIAN_POINT('',(0.0275,0.014,0.04325));
#3053=CARTESIAN_POINT('',(0.027,0.001,0.04375));
#3054=CARTESIAN_POINT('',(0.008,0.,-0.05425));
#3055=CARTESIAN_POINT('',(0.0114641016151377,0.,-0.05625));
#3056=CARTESIAN_POINT('',(0.0265,0.,0.04325));
#3057=CARTESIAN_POINT('',(0.0265,-4.5521925607774E-20,0.04325));
#3058=CARTESIAN_POINT('',(0.029707445428599,0.,-0.0246516016151377));
#3059=CARTESIAN_POINT('',(0.0181036297108184,0.,-0.04475));
#3060=CARTESIAN_POINT('',(0.0275,0.001,0.));
#3061=CARTESIAN_POINT('',(0.0265,1.98851267276115E-19,-0.04325));
#3062=CARTESIAN_POINT('',(0.0265,0.014,-0.04425));
#3063=CARTESIAN_POINT('',(0.027,0.001,-0.04375));
#3064=CARTESIAN_POINT('',(0.0207017059221717,0.,-0.04625));
#3065=CARTESIAN_POINT('',(0.0207017059221717,0.,-0.04325));
#3066=CARTESIAN_POINT('',(0.0265,0.,-0.04325));
#3067=CARTESIAN_POINT('',(0.0265,0.,-0.04325));
#3068=CARTESIAN_POINT('',(3.46944695195361E-18,0.,-0.04325));
#3069=CARTESIAN_POINT('',(0.0207017059221717,0.006,-0.04625));
#3070=CARTESIAN_POINT('',(0.0181036297108184,0.006,-0.04475));
#3071=CARTESIAN_POINT('',(0.0152168783648704,0.005,-0.05175));
#3072=CARTESIAN_POINT('',(0.0114641016151377,0.006,-0.05625));
#3073=CARTESIAN_POINT('',(0.008,0.006,-0.05425));
#3074=CARTESIAN_POINT('',(0.008,0.006,-0.05825));
#3075=CARTESIAN_POINT('',(0.,0.005,-0.05925));
#3076=CARTESIAN_POINT('',(-0.008,0.006,-0.05825));
#3077=CARTESIAN_POINT('',(-0.008,0.006,-0.05425));
#3078=CARTESIAN_POINT('',(-0.0114641016151377,0.006,-0.05625));
#3079=CARTESIAN_POINT('',(-0.0152168783648704,0.005,-0.05175));
#3080=CARTESIAN_POINT('',(-0.0181036297108184,0.006,-0.04475));
#3081=CARTESIAN_POINT('',(-0.0207017059221717,0.006,-0.04625));
#3082=CARTESIAN_POINT('',(3.46944695195361E-18,0.,-0.05525));
#3083=CARTESIAN_POINT('',(0.00684529946162074,0.001,-0.05425));
#3084=CARTESIAN_POINT('',(-0.00684529946162074,0.,-0.05525));
#3085=CARTESIAN_POINT('',(-0.00684529946162074,0.,-0.05225));
#3086=CARTESIAN_POINT('',(-0.00944337567297406,0.,-0.05375));
#3087=CARTESIAN_POINT('',(0.00684529946162074,0.,-0.05225));
#3088=CARTESIAN_POINT('',(0.00857735026918962,0.001,-0.05325));
#3089=CARTESIAN_POINT('',(-0.0271093692172457,0.,-0.0231516016151377));
#3090=CARTESIAN_POINT('',(-0.0129074772881118,0.,-0.04775));
#3091=CARTESIAN_POINT('',(0.0271093692172457,0.,-0.0231516016151377));
#3092=CARTESIAN_POINT('',(0.0120414518843274,0.001,-0.04725));
#3093=CARTESIAN_POINT('',(-0.0103094010767585,0.,-0.04625));
#3094=CARTESIAN_POINT('',(-0.0103094010767585,0.,-0.04325));
#3095=CARTESIAN_POINT('',(0.0103094010767585,0.,-0.04625));
#3096=CARTESIAN_POINT('',(0.0103094010767585,0.001,-0.04425));
#3097=CARTESIAN_POINT('',(3.46944695195361E-18,0.,-0.04325));
#3098=CARTESIAN_POINT('',(-0.0103094010767585,0.006,-0.04625));
#3099=CARTESIAN_POINT('',(-0.0129074772881118,0.006,-0.04775));
#3100=CARTESIAN_POINT('',(-0.0108867513459481,0.005,-0.04925));
#3101=CARTESIAN_POINT('',(-0.00944337567297406,0.006,-0.05375));
#3102=CARTESIAN_POINT('',(-0.00684529946162074,0.006,-0.05225));
#3103=CARTESIAN_POINT('',(-0.00684529946162074,0.006,-0.05525));
#3104=CARTESIAN_POINT('',(0.,0.005,-0.05425));
#3105=CARTESIAN_POINT('',(0.00684529946162074,0.006,-0.05525));
#3106=CARTESIAN_POINT('',(0.00684529946162074,0.006,-0.05225));
#3107=CARTESIAN_POINT('',(0.00944337567297405,0.006,-0.05375));
#3108=CARTESIAN_POINT('',(0.0108867513459481,0.005,-0.04925));
#3109=CARTESIAN_POINT('',(0.0129074772881118,0.006,-0.04775));
#3110=CARTESIAN_POINT('',(0.0103094010767585,0.006,-0.04625));
#3111=CARTESIAN_POINT('',(0.0145,0.006,0.04425));
#3112=CARTESIAN_POINT('',(-0.01775,0.001,0.02025));
#3113=CARTESIAN_POINT('',(-0.0134166666666666,0.00533333333333333,0.0115833333333333));
#3114=CARTESIAN_POINT('',(-0.0125,0.00625,0.028));
#3115=CARTESIAN_POINT('',(3.46944695195361E-18,0.,0.03425));
#3116=CARTESIAN_POINT('',(-0.0146666666666667,0.0139166666666667,0.0203333333333333));
#3117=CARTESIAN_POINT('',(-0.00975,0.001,0.00725));
#3118=CARTESIAN_POINT('',(0.00383333333333334,-0.00458333333333333,0.00166666666666666));
#3119=CARTESIAN_POINT('',(-0.00075,0.,-0.0075));
#3120=CARTESIAN_POINT('',(0.0235,0.007,-0.04025));
#3121=CARTESIAN_POINT('',(0.0235,0.00651931150477795,-0.04025));
#3122=CARTESIAN_POINT('',(0.0235,0.007,-0.04025));
#3123=CARTESIAN_POINT('',(0.0235,0.007,-0.04105));
#3124=CARTESIAN_POINT('',(0.0235,0.019,-0.04025));
#3125=CARTESIAN_POINT('',(0.0235,0.007,-0.004));
#3126=CARTESIAN_POINT('',(0.0235,0.00651931150477795,-0.004));
#3127=CARTESIAN_POINT('',(0.0235,0.007,-0.004));
#3128=CARTESIAN_POINT('',(0.0235,0.007,-0.0048));
#3129=CARTESIAN_POINT('',(0.0235,0.019,-0.004));
#3130=CARTESIAN_POINT('',(0.0235,0.007,0.04025));
#3131=CARTESIAN_POINT('',(0.0235,0.00651931150477795,0.04025));
#3132=CARTESIAN_POINT('',(0.0235,0.007,0.04025));
#3133=CARTESIAN_POINT('',(0.0235,0.007,0.03945));
#3134=CARTESIAN_POINT('',(0.0235,0.019,0.04025));
#3135=CARTESIAN_POINT('',(-0.0235,0.007,0.04025));
#3136=CARTESIAN_POINT('',(-0.0235,0.00651931150477795,0.04025));
#3137=CARTESIAN_POINT('',(-0.0235,0.007,0.04025));
#3138=CARTESIAN_POINT('',(-0.0235,0.007,0.03945));
#3139=CARTESIAN_POINT('',(-0.0235,0.019,0.04025));
#3140=CARTESIAN_POINT('',(-0.0235,0.007,-0.004));
#3141=CARTESIAN_POINT('',(-0.0235,0.00651931150477795,-0.004));
#3142=CARTESIAN_POINT('',(-0.0235,0.007,-0.004));
#3143=CARTESIAN_POINT('',(-0.0235,0.007,-0.0048));
#3144=CARTESIAN_POINT('',(-0.0235,0.019,-0.004));
#3145=CARTESIAN_POINT('',(-0.0235,0.007,-0.04025));
#3146=CARTESIAN_POINT('',(-0.0235,0.00651931150477795,-0.04025));
#3147=CARTESIAN_POINT('',(-0.0235,0.007,-0.04025));
#3148=CARTESIAN_POINT('',(-0.0235,0.007,-0.04105));
#3149=CARTESIAN_POINT('',(-0.0235,0.019,-0.04025));
#3150=CARTESIAN_POINT('',(0.005,0.0015,0.0045));
#3151=CARTESIAN_POINT('',(0.005,0.000974246958350885,0.0045));
#3152=CARTESIAN_POINT('',(0.005,0.0015,0.0045));
#3153=CARTESIAN_POINT('',(0.005,0.0015,0.003625));
#3154=CARTESIAN_POINT('',(0.005,0.0065,0.0045));
#3155=CARTESIAN_POINT('',(0.005,0.0015,0.021));
#3156=CARTESIAN_POINT('',(0.005,0.000974246958350885,0.021));
#3157=CARTESIAN_POINT('',(0.005,0.0015,0.021));
#3158=CARTESIAN_POINT('',(0.005,0.0015,0.020125));
#3159=CARTESIAN_POINT('',(0.005,0.0065,0.021));
#3160=MECHANICAL_DESIGN_GEOMETRIC_PRESENTATION_REPRESENTATION('',(#1902),
#3161);
#3161=(
GEOMETRIC_REPRESENTATION_CONTEXT(3)
GLOBAL_UNCERTAINTY_ASSIGNED_CONTEXT((#3162))
GLOBAL_UNIT_ASSIGNED_CONTEXT((#3165,#3164,#3163))
REPRESENTATION_CONTEXT('shell','TOP_LEVEL_ASSEMBLY_PART')
);
#3162=UNCERTAINTY_MEASURE_WITH_UNIT(LENGTH_MEASURE(2.E-5),#3165,
'DISTANCE_ACCURACY_VALUE','Maximum Tolerance applied to model');
#3163=(
NAMED_UNIT(*)
SI_UNIT($,.STERADIAN.)
SOLID_ANGLE_UNIT()
);
#3164=(
NAMED_UNIT(*)
PLANE_ANGLE_UNIT()
SI_UNIT($,.RADIAN.)
);
#3165=(
LENGTH_UNIT()
NAMED_UNIT(*)
SI_UNIT($,.METRE.)
);
#3166=PRODUCT_DEFINITION_SHAPE('','',#3167);
#3167=PRODUCT_DEFINITION('','',#3169,#3168);
#3168=PRODUCT_DEFINITION_CONTEXT('',#3175,'design');
#3169=PRODUCT_DEFINITION_FORMATION_WITH_SPECIFIED_SOURCE('','',#3171,
 .NOT_KNOWN.);
#3170=PRODUCT_RELATED_PRODUCT_CATEGORY('','',(#3171));
#3171=PRODUCT('shell','shell','shell',(#3173));
#3172=PRODUCT_CATEGORY('','');
#3173=PRODUCT_CONTEXT('',#3175,'mechanical');
#3174=APPLICATION_PROTOCOL_DEFINITION('international standard',
'ap242_managed_model_based_3d_engineering',2020,#3175);
#3175=APPLICATION_CONTEXT('managed model based 3d engineering');
ENDSEC;
END-ISO-10303-21;
